time,mailly,moulin
0,10,5
1,11,4
2,11,4
3,10,5
4,11,4
5,11,4
6,12,3
7,13,2
8,13,2
9,14,1
10,14,1
11,14,1
12,13,2
13,13,2
14,12,3
15,12,3
16,12,3
17,11,4
18,12,3
19,12,3
20,11,4
21,10,5
22,9,6
23,9,6
24,9,6
25,9,6
26,9,6
27,9,6
28,10,5
29,10,5
30,9,6
31,8,7
32,9,6
33,9,6
34,8,7
35,9,6
36,8,7
37,7,8
38,6,9
39,6,9
40,6,9
41,5,10
42,4,11
43,3,12
44,4,11
45,5,10
46,5,10
47,6,9
48,6,9
49,5,10
50,5,10
51,6,9
52,7,8
53,6,9
54,7,8
55,8,7
56,9,6
57,9,6
58,9,6
59,9,6
60,10,5
61,10,5
62,10,5
63,10,5
64,9,6
65,9,6
66,9,6
67,9,6
68,9,6
69,8,7
70,8,7
71,9,6
72,10,5
73,9,6
74,10,5
75,10,5
76,10,5
77,11,4
78,11,4
79,11,4
80,11,4
81,10,5
82,10,5
83,9,6
84,8,7
85,8,7
86,7,8
87,7,8
88,8,7
89,8,7
90,8,7
91,9,6
92,10,5
93,9,6
94,9,6
95,10,5
96,9,6
97,9,6
98,9,6
99,9,6
100,9,6
101,10,5
102,10,5
103,10,5
104,9,6
105,10,5
106,10,5
107,9,6
108,10,5
109,9,6
110,8,7
111,8,7
112,8,7
113,7,8
114,7,8
115,7,8
116,7,8
117,7,8
118,7,8
119,6,9
120,6,9
121,6,9
122,6,9
123,5,10
124,5,10
125,5,10
126,5,10
127,4,11
128,5,10
129,6,9
130,6,9
131,7,8
132,7,8
133,7,8
134,6,9
135,7,8
136,8,7
137,7,8
138,6,9
139,6,9
140,7,8
141,7,8
142,7,8
143,7,8
144,7,8
145,7,8
146,6,9
147,6,9
148,7,8
149,6,9
150,6,9
151,5,10
152,6,9
153,5,10
154,4,11
155,3,12
156,2,13
157,2,13
158,3,12
159,3,12
160,3,12
161,4,11
162,3,12
163,3,12
164,2,13
165,3,12
166,4,11
167,3,12
168,3,12
169,3,12
170,3,12
171,2,13
172,3,12
173,3,12
174,3,12
175,3,12
176,3,12
177,4,11
178,3,12
179,3,12
180,3,12
181,3,12
182,3,12
183,4,11
184,3,12
185,3,12
186,3,12
187,2,13
188,1,14
189,2,13
190,2,13
191,3,12
192,3,12
193,3,12
194,3,12
195,3,12
196,3,12
197,2,13
198,1,14
199,1,14
200,1,14
201,1,14
202,0,15
203,0,15
204,0,15
205,0,15
206,0,15
207,0,15
208,1,14
209,2,13
210,1,14
211,0,15
212,0,15
213,1,14
214,1,14
215,2,13
216,2,13
217,3,12
218,3,12
219,3,12
220,3,12
221,3,12
222,3,12
223,3,12
224,3,12
225,2,13
226,3,12
227,2,13
228,1,14
229,1,14
230,2,13
231,2,13
232,1,14
233,1,14
234,2,13
235,2,13
236,3,12
237,3,12
238,2,13
239,1,14
240,0,15
241,0,15
242,1,14
243,2,13
244,2,13
245,2,13
246,1,14
247,0,15
248,0,15
249,1,14
250,2,13
251,3,12
252,3,12
253,2,13
254,2,13
255,1,14
256,0,15
257,0,15
258,0,15
259,0,15
260,1,14
261,1,14
262,1,14
263,2,13
264,1,14
265,1,14
266,1,14
267,1,14
268,2,13
269,2,13
270,3,12
271,3,12
272,3,12
273,3,12
274,4,11
275,4,11
276,5,10
277,5,10
278,5,10
279,5,10
280,4,11
281,5,10
282,4,11
283,4,11
284,4,11
285,4,11
286,4,11
287,4,11
288,4,11
289,4,11
290,3,12
291,4,11
292,3,12
293,3,12
294,3,12
295,3,12
296,2,13
297,2,13
298,2,13
299,3,12
300,3,12
301,2,13
302,3,12
303,4,11
304,3,12
305,3,12
306,3,12
307,3,12
308,3,12
309,2,13
310,2,13
311,2,13
312,3,12
313,3,12
314,2,13
315,1,14
316,1,14
317,1,14
318,0,15
319,0,15
320,0,15
321,1,14
322,1,14
323,1,14
324,0,15
325,0,15
326,0,15
327,1,14
328,0,15
329,1,14
330,1,14
331,0,15
332,1,14
333,1,14
334,1,14
335,2,13
336,2,13
337,2,13
338,1,14
339,2,13
340,2,13
341,1,14
342,1,14
343,1,14
344,0,15
345,0,15
346,0,15
347,0,15
348,1,14
349,2,13
350,1,14
351,2,13
352,1,14
353,1,14
354,2,13
355,2,13
356,3,12
357,3,12
358,3,12
359,3,12
360,3,12
361,4,11
362,4,11
363,5,10
364,5,10
365,5,10
366,5,10
367,6,9
368,7,8
369,6,9
370,7,8
371,7,8
372,8,7
373,8,7
374,8,7
375,7,8
376,7,8
377,7,8
378,6,9
379,5,10
380,5,10
381,6,9
382,7,8
383,7,8
384,6,9
385,6,9
386,5,10
387,6,9
388,7,8
389,7,8
390,8,7
391,7,8
392,7,8
393,8,7
394,9,6
395,9,6
396,9,6
397,9,6
398,8,7
399,8,7
400,8,7
401,7,8
402,7,8
403,7,8
404,7,8
405,7,8
406,8,7
407,8,7
408,7,8
409,7,8
410,8,7
411,7,8
412,7,8
413,6,9
414,5,10
415,5,10
416,6,9
417,7,8
418,8,7
419,8,7
420,9,6
421,10,5
422,9,6
423,9,6
424,9,6
425,8,7
426,8,7
427,8,7
428,7,8
429,7,8
430,7,8
431,7,8
432,7,8
433,7,8
434,8,7
435,8,7
436,8,7
437,7,8
438,7,8
439,7,8
440,6,9
441,6,9
442,5,10
443,5,10
444,5,10
445,5,10
446,4,11
447,3,12
448,3,12
449,4,11
450,4,11
451,4,11
452,5,10
453,4,11
454,3,12
455,3,12
456,3,12
457,3,12
458,4,11
459,3,12
460,3,12
461,2,13
462,2,13
463,3,12
464,4,11
465,4,11
466,3,12
467,3,12
468,3,12
469,3,12
470,4,11
471,4,11
472,4,11
473,4,11
474,5,10
475,6,9
476,7,8
477,7,8
478,7,8
479,8,7
480,7,8
481,7,8
482,7,8
483,7,8
484,7,8
485,7,8
486,6,9
487,6,9
488,5,10
489,6,9
490,6,9
491,6,9
492,6,9
493,7,8
494,6,9
495,5,10
496,4,11
497,3,12
498,3,12
499,2,13
500,2,13
501,2,13
502,2,13
503,2,13
504,2,13
505,1,14
506,0,15
507,0,15
508,0,15
509,1,14
510,2,13
511,3,12
512,4,11
513,3,12
514,4,11
515,5,10
516,4,11
517,4,11
518,4,11
519,5,10
520,5,10
521,4,11
522,4,11
523,5,10
524,5,10
525,5,10
526,5,10
527,5,10
528,6,9
529,7,8
530,7,8
531,7,8
532,6,9
533,6,9
534,6,9
535,5,10
536,5,10
537,5,10
538,5,10
539,5,10
540,6,9
541,6,9
542,6,9
543,5,10
544,5,10
545,4,11
546,4,11
547,4,11
548,5,10
549,6,9
550,7,8
551,7,8
552,7,8
553,6,9
554,6,9
555,6,9
556,7,8
557,7,8
558,7,8
559,7,8
560,7,8
561,7,8
562,8,7
563,9,6
564,8,7
565,8,7
566,8,7
567,8,7
568,8,7
569,7,8
570,7,8
571,8,7
572,8,7
573,8,7
574,7,8
575,7,8
576,8,7
577,8,7
578,8,7
579,9,6
580,9,6
581,9,6
582,10,5
583,10,5
584,9,6
585,9,6
586,9,6
587,9,6
588,8,7
589,8,7
590,8,7
591,8,7
592,7,8
593,7,8
594,6,9
595,7,8
596,7,8
597,6,9
598,6,9
599,5,10
600,4,11
601,4,11
602,4,11
603,5,10
604,5,10
605,4,11
606,4,11
607,5,10
608,5,10
609,5,10
610,6,9
611,6,9
612,6,9
613,6,9
614,5,10
615,5,10
616,5,10
617,6,9
618,7,8
619,8,7
620,8,7
621,8,7
622,8,7
623,8,7
624,8,7
625,8,7
626,8,7
627,9,6
628,10,5
629,9,6
630,9,6
631,9,6
632,9,6
633,8,7
634,9,6
635,9,6
636,8,7
637,8,7
638,9,6
639,10,5
640,11,4
641,11,4
642,10,5
643,11,4
644,10,5
645,10,5
646,11,4
647,12,3
648,13,2
649,13,2
650,13,2
651,12,3
652,13,2
653,13,2
654,13,2
655,12,3
656,12,3
657,12,3
658,13,2
659,14,1
660,14,1
661,13,2
662,13,2
663,14,1
664,14,1
665,15,0
666,14,1
667,13,2
668,13,2
669,12,3
670,11,4
671,10,5
672,10,5
673,10,5
674,10,5
675,11,4
676,11,4
677,11,4
678,10,5
679,10,5
680,11,4
681,12,3
682,13,2
683,14,1
684,13,2
685,12,3
686,12,3
687,12,3
688,12,3
689,12,3
690,12,3
691,12,3
692,13,2
693,12,3
694,11,4
695,11,4
696,12,3
697,12,3
698,11,4
699,10,5
700,11,4
701,12,3
702,12,3
703,12,3
704,13,2
705,13,2
706,13,2
707,12,3
708,12,3
709,13,2
710,14,1
711,13,2
712,14,1
713,15,0
714,15,0
715,15,0
716,15,0
717,15,0
718,14,1
719,14,1
720,15,0
721,15,0
722,15,0
723,15,0
724,14,1
725,14,1
726,14,1
727,14,1
728,13,2
729,12,3
730,12,3
731,11,4
732,11,4
733,12,3
734,13,2
735,12,3
736,12,3
737,11,4
738,11,4
739,10,5
740,10,5
741,10,5
742,11,4
743,11,4
744,10,5
745,10,5
746,10,5
747,10,5
748,10,5
749,10,5
750,10,5
751,10,5
752,10,5
753,9,6
754,9,6
755,9,6
756,9,6
757,9,6
758,9,6
759,8,7
760,8,7
761,8,7
762,9,6
763,8,7
764,8,7
765,9,6
766,8,7
767,8,7
768,7,8
769,8,7
770,7,8
771,7,8
772,7,8
773,6,9
774,7,8
775,7,8
776,7,8
777,7,8
778,7,8
779,8,7
780,8,7
781,9,6
782,10,5
783,10,5
784,9,6
785,10,5
786,10,5
787,10,5
788,9,6
789,10,5
790,9,6
791,10,5
792,11,4
793,12,3
794,12,3
795,11,4
796,11,4
797,11,4
798,11,4
799,11,4
800,10,5
801,10,5
802,9,6
803,8,7
804,8,7
805,8,7
806,8,7
807,8,7
808,9,6
809,9,6
810,10,5
811,10,5
812,10,5
813,10,5
814,10,5
815,10,5
816,10,5
817,11,4
818,10,5
819,10,5
820,10,5
821,10,5
822,10,5
823,9,6
824,9,6
825,10,5
826,11,4
827,10,5
828,10,5
829,9,6
830,9,6
831,9,6
832,9,6
833,8,7
834,7,8
835,8,7
836,8,7
837,8,7
838,8,7
839,8,7
840,9,6
841,9,6
842,9,6
843,9,6
844,10,5
845,11,4
846,10,5
847,10,5
848,10,5
849,10,5
850,9,6
851,9,6
852,8,7
853,8,7
854,7,8
855,7,8
856,7,8
857,6,9
858,6,9
859,6,9
860,5,10
861,4,11
862,4,11
863,4,11
864,4,11
865,4,11
866,5,10
867,6,9
868,5,10
869,6,9
870,6,9
871,5,10
872,5,10
873,5,10
874,6,9
875,6,9
876,5,10
877,6,9
878,7,8
879,8,7
880,7,8
881,7,8
882,6,9
883,7,8
884,7,8
885,6,9
886,6,9
887,7,8
888,7,8
889,7,8
890,7,8
891,8,7
892,8,7
893,8,7
894,8,7
895,8,7
896,8,7
897,8,7
898,8,7
899,8,7
900,9,6
901,8,7
902,7,8
903,7,8
904,6,9
905,7,8
906,7,8
907,7,8
908,7,8
909,7,8
910,7,8
911,7,8
912,6,9
913,6,9
914,6,9
915,5,10
916,5,10
917,4,11
918,4,11
919,3,12
920,2,13
921,2,13
922,2,13
923,1,14
924,1,14
925,2,13
926,2,13
927,3,12
928,2,13
929,2,13
930,2,13
931,2,13
932,2,13
933,2,13
934,1,14
935,2,13
936,2,13
937,2,13
938,1,14
939,1,14
940,1,14
941,2,13
942,1,14
943,0,15
944,1,14
945,2,13
946,1,14
947,1,14
948,0,15
949,1,14
950,1,14
951,0,15
952,1,14
953,0,15
954,0,15
955,0,15
956,0,15
957,1,14
958,1,14
959,0,15
960,1,14
961,0,15
962,1,14
963,1,14
964,2,13
965,2,13
966,2,13
967,2,13
968,3,12
969,4,11
970,4,11
971,3,12
972,3,12
973,2,13
974,3,12
975,3,12
976,4,11
977,3,12
978,3,12
979,3,12
980,2,13
981,2,13
982,2,13
983,3,12
984,3,12
985,2,13
986,2,13
987,3,12
988,2,13
989,3,12
990,3,12
991,3,12
992,3,12
993,3,12
994,4,11
995,5,10
996,6,9
997,5,10
998,5,10
999,5,10
1000,5,10
1001,4,11
1002,5,10
1003,4,11
1004,5,10
1005,4,11
1006,5,10
1007,5,10
1008,5,10
1009,6,9
1010,6,9
1011,7,8
1012,8,7
1013,7,8
1014,6,9
1015,6,9
1016,6,9
1017,5,10
1018,5,10
1019,4,11
1020,4,11
1021,4,11
1022,4,11
1023,3,12
1024,3,12
1025,4,11
1026,5,10
1027,4,11
1028,4,11
1029,5,10
1030,5,10
1031,4,11
1032,5,10
1033,6,9
1034,5,10
1035,5,10
1036,6,9
1037,6,9
1038,6,9
1039,6,9
1040,5,10
1041,6,9
1042,6,9
1043,6,9
1044,7,8
1045,7,8
1046,7,8
1047,7,8
1048,7,8
1049,6,9
1050,7,8
1051,7,8
1052,7,8
1053,7,8
1054,6,9
1055,6,9
1056,5,10
1057,4,11
1058,4,11
1059,4,11
1060,4,11
1061,3,12
1062,2,13
1063,2,13
1064,2,13
1065,3,12
1066,3,12
1067,2,13
1068,3,12
1069,4,11
1070,3,12
1071,3,12
1072,2,13
1073,1,14
1074,0,15
1075,1,14
1076,0,15
1077,0,15
1078,1,14
1079,1,14
1080,0,15
1081,0,15
1082,0,15
1083,1,14
1084,2,13
1085,1,14
1086,0,15
1087,1,14
1088,0,15
1089,0,15
1090,0,15
1091,0,15
1092,0,15
1093,0,15
1094,0,15
1095,0,15
1096,1,14
1097,0,15
1098,0,15
1099,0,15
1100,0,15
1101,0,15
1102,1,14
1103,0,15
1104,1,14
1105,2,13
1106,2,13
1107,2,13
1108,2,13
1109,3,12
1110,3,12
1111,2,13
1112,1,14
1113,1,14
1114,2,13
1115,2,13
1116,1,14
1117,2,13
1118,2,13
1119,2,13
1120,3,12
1121,3,12
1122,4,11
1123,4,11
1124,4,11
1125,4,11
1126,3,12
1127,2,13
1128,3,12
1129,3,12
1130,3,12
1131,3,12
1132,4,11
1133,4,11
1134,3,12
1135,4,11
1136,5,10
1137,5,10
1138,5,10
1139,6,9
1140,6,9
1141,5,10
1142,5,10
1143,5,10
1144,5,10
1145,4,11
1146,5,10
1147,5,10
1148,4,11
1149,4,11
1150,5,10
1151,4,11
1152,3,12
1153,3,12
1154,3,12
1155,3,12
1156,4,11
1157,4,11
1158,3,12
1159,3,12
1160,2,13
1161,1,14
1162,1,14
1163,2,13
1164,3,12
1165,4,11
1166,5,10
1167,5,10
1168,4,11
1169,4,11
1170,3,12
1171,2,13
1172,2,13
1173,1,14
1174,0,15
1175,0,15
1176,1,14
1177,2,13
1178,2,13
1179,2,13
1180,2,13
1181,1,14
1182,2,13
1183,3,12
1184,2,13
1185,1,14
1186,1,14
1187,2,13
1188,2,13
1189,2,13
1190,2,13
1191,3,12
1192,2,13
1193,3,12
1194,3,12
1195,3,12
1196,4,11
1197,4,11
1198,3,12
1199,3,12
1200,4,11
1201,5,10
1202,6,9
1203,6,9
1204,7,8
1205,7,8
1206,6,9
1207,6,9
1208,6,9
1209,7,8
1210,6,9
1211,6,9
1212,7,8
1213,7,8
1214,8,7
1215,8,7
1216,9,6
1217,8,7
1218,7,8
1219,7,8
1220,7,8
1221,7,8
1222,6,9
1223,5,10
1224,5,10
1225,4,11
1226,4,11
1227,3,12
1228,3,12
1229,2,13
1230,3,12
1231,3,12
1232,3,12
1233,4,11
1234,3,12
1235,3,12
1236,2,13
1237,1,14
1238,2,13
1239,2,13
1240,1,14
1241,0,15
1242,0,15
1243,1,14
1244,0,15
1245,1,14
1246,0,15
1247,1,14
1248,0,15
1249,0,15
1250,1,14
1251,2,13
1252,2,13
1253,2,13
1254,2,13
1255,1,14
1256,1,14
1257,1,14
1258,0,15
1259,0,15
1260,0,15
1261,0,15
1262,0,15
1263,1,14
1264,1,14
1265,0,15
1266,1,14
1267,1,14
1268,1,14
1269,2,13
1270,3,12
1271,2,13
1272,2,13
1273,2,13
1274,3,12
1275,3,12
1276,3,12
1277,3,12
1278,3,12
1279,3,12
1280,3,12
1281,2,13
1282,3,12
1283,2,13
1284,3,12
1285,3,12
1286,3,12
1287,3,12
1288,3,12
1289,3,12
1290,3,12
1291,3,12
1292,3,12
1293,2,13
1294,2,13
1295,3,12
1296,4,11
1297,3,12
1298,3,12
1299,4,11
1300,5,10
1301,5,10
1302,4,11
1303,3,12
1304,2,13
1305,3,12
1306,4,11
1307,3,12
1308,3,12
1309,3,12
1310,3,12
1311,3,12
1312,2,13
1313,2,13
1314,2,13
1315,2,13
1316,2,13
1317,2,13
1318,3,12
1319,3,12
1320,3,12
1321,3,12
1322,3,12
1323,3,12
1324,4,11
1325,4,11
1326,4,11
1327,4,11
1328,4,11
1329,4,11
1330,4,11
1331,3,12
1332,3,12
1333,4,11
1334,4,11
1335,4,11
1336,4,11
1337,5,10
1338,5,10
1339,6,9
1340,6,9
1341,6,9
1342,6,9
1343,6,9
1344,6,9
1345,6,9
1346,6,9
1347,5,10
1348,5,10
1349,5,10
1350,5,10
1351,5,10
1352,5,10
1353,4,11
1354,3,12
1355,3,12
1356,3,12
1357,3,12
1358,3,12
1359,3,12
1360,2,13
1361,2,13
1362,1,14
1363,2,13
1364,1,14
1365,0,15
1366,1,14
1367,2,13
1368,3,12
1369,4,11
1370,4,11
1371,5,10
1372,5,10
1373,5,10
1374,6,9
1375,7,8
1376,8,7
1377,7,8
1378,6,9
1379,6,9
1380,6,9
1381,6,9
1382,5,10
1383,5,10
1384,5,10
1385,4,11
1386,4,11
1387,4,11
1388,4,11
1389,4,11
1390,4,11
1391,4,11
1392,4,11
1393,3,12
1394,3,12
1395,2,13
1396,1,14
1397,2,13
1398,2,13
1399,3,12
1400,3,12
1401,3,12
1402,3,12
1403,3,12
1404,3,12
1405,3,12
1406,3,12
1407,2,13
1408,1,14
1409,1,14
1410,1,14
1411,1,14
1412,1,14
1413,2,13
1414,2,13
1415,3,12
1416,3,12
1417,2,13
1418,3,12
1419,3,12
1420,4,11
1421,4,11
1422,4,11
1423,5,10
1424,4,11
1425,4,11
1426,4,11
1427,4,11
1428,4,11
1429,4,11
1430,4,11
1431,3,12
1432,3,12
1433,4,11
1434,4,11
1435,5,10
1436,4,11
1437,5,10
1438,5,10
1439,5,10
1440,4,11
1441,4,11
1442,5,10
1443,5,10
1444,4,11
1445,5,10
1446,4,11
1447,3,12
1448,3,12
1449,3,12
1450,3,12
1451,3,12
1452,3,12
1453,4,11
1454,4,11
1455,4,11
1456,5,10
1457,5,10
1458,5,10
1459,6,9
1460,6,9
1461,7,8
1462,7,8
1463,6,9
1464,6,9
1465,7,8
1466,7,8
1467,7,8
1468,7,8
1469,7,8
1470,8,7
1471,7,8
1472,8,7
1473,8,7
1474,7,8
1475,8,7
1476,8,7
1477,8,7
1478,7,8
1479,7,8
1480,7,8
1481,6,9
1482,5,10
1483,4,11
1484,4,11
1485,5,10
1486,4,11
1487,3,12
1488,2,13
1489,1,14
1490,0,15
1491,1,14
1492,1,14
1493,1,14
1494,0,15
1495,0,15
1496,1,14
1497,1,14
1498,1,14
1499,1,14
1500,0,15
1501,0,15
1502,1,14
1503,1,14
1504,2,13
1505,2,13
1506,1,14
1507,1,14
1508,0,15
1509,0,15
1510,1,14
1511,1,14
1512,0,15
1513,0,15
1514,1,14
1515,1,14
1516,0,15
1517,1,14
1518,2,13
1519,2,13
1520,2,13
1521,2,13
1522,1,14
1523,2,13
1524,2,13
1525,3,12
1526,3,12
1527,3,12
1528,3,12
1529,2,13
1530,2,13
1531,2,13
1532,1,14
1533,2,13
1534,1,14
1535,1,14
1536,1,14
1537,0,15
1538,1,14
1539,1,14
1540,2,13
1541,2,13
1542,1,14
1543,0,15
1544,1,14
1545,1,14
1546,0,15
1547,0,15
1548,1,14
1549,0,15
1550,1,14
1551,1,14
1552,0,15
1553,0,15
1554,1,14
1555,1,14
1556,1,14
1557,1,14
1558,1,14
1559,1,14
1560,0,15
1561,1,14
1562,2,13
1563,3,12
1564,4,11
1565,4,11
1566,5,10
1567,5,10
1568,5,10
1569,5,10
1570,4,11
1571,4,11
1572,5,10
1573,5,10
1574,4,11
1575,4,11
1576,4,11
1577,4,11
1578,4,11
1579,4,11
1580,3,12
1581,3,12
1582,2,13
1583,3,12
1584,2,13
1585,3,12
1586,3,12
1587,3,12
1588,3,12
1589,4,11
1590,3,12
1591,3,12
1592,4,11
1593,4,11
1594,4,11
1595,5,10
1596,4,11
1597,3,12
1598,2,13
1599,2,13
1600,3,12
1601,4,11
1602,4,11
1603,4,11
1604,4,11
1605,3,12
1606,3,12
1607,3,12
1608,3,12
1609,2,13
1610,1,14
1611,1,14
1612,1,14
1613,1,14
1614,2,13
1615,1,14
1616,1,14
1617,1,14
1618,1,14
1619,1,14
1620,0,15
1621,1,14
1622,0,15
1623,1,14
1624,1,14
1625,2,13
1626,2,13
1627,2,13
1628,2,13
1629,2,13
1630,2,13
1631,3,12
1632,2,13
1633,2,13
1634,3,12
1635,4,11
1636,3,12
1637,2,13
1638,3,12
1639,3,12
1640,3,12
1641,3,12
1642,3,12
1643,4,11
1644,5,10
1645,5,10
1646,5,10
1647,5,10
1648,5,10
1649,5,10
1650,5,10
1651,5,10
1652,4,11
1653,4,11
1654,4,11
1655,3,12
1656,2,13
1657,1,14
1658,1,14
1659,2,13
1660,2,13
1661,2,13
1662,2,13
1663,1,14
1664,2,13
1665,3,12
1666,3,12
1667,2,13
1668,2,13
1669,1,14
1670,1,14
1671,0,15
1672,0,15
1673,1,14
1674,1,14
1675,1,14
1676,2,13
1677,2,13
1678,1,14
1679,2,13
1680,2,13
1681,1,14
1682,2,13
1683,2,13
1684,3,12
1685,3,12
1686,2,13
1687,3,12
1688,3,12
1689,3,12
1690,3,12
1691,3,12
1692,3,12
1693,3,12
1694,3,12
1695,2,13
1696,2,13
1697,1,14
1698,2,13
1699,2,13
1700,3,12
1701,3,12
1702,2,13
1703,2,13
1704,2,13
1705,2,13
1706,1,14
1707,1,14
1708,1,14
1709,1,14
1710,1,14
1711,0,15
1712,0,15
1713,1,14
1714,2,13
1715,1,14
1716,2,13
1717,1,14
1718,1,14
1719,1,14
1720,2,13
1721,2,13
1722,2,13
1723,2,13
1724,1,14
1725,1,14
1726,0,15
1727,0,15
1728,1,14
1729,0,15
1730,0,15
1731,0,15
1732,0,15
1733,1,14
1734,0,15
1735,0,15
1736,0,15
1737,1,14
1738,1,14
1739,0,15
1740,0,15
1741,0,15
1742,1,14
1743,0,15
1744,0,15
1745,1,14
1746,1,14
1747,1,14
1748,2,13
1749,1,14
1750,0,15
1751,1,14
1752,0,15
1753,0,15
1754,1,14
1755,0,15
1756,1,14
1757,1,14
1758,1,14
1759,1,14
1760,1,14
1761,0,15
1762,0,15
1763,0,15
1764,1,14
1765,1,14
1766,1,14
1767,2,13
1768,1,14
1769,1,14
1770,2,13
1771,3,12
1772,3,12
1773,4,11
1774,5,10
1775,5,10
1776,6,9
1777,6,9
1778,6,9
1779,6,9
1780,7,8
1781,8,7
1782,7,8
1783,6,9
1784,6,9
1785,6,9
1786,6,9
1787,6,9
1788,6,9
1789,7,8
1790,7,8
1791,7,8
1792,6,9
1793,7,8
1794,6,9
1795,5,10
1796,5,10
1797,5,10
1798,5,10
1799,5,10
1800,4,11
1801,3,12
1802,4,11
1803,4,11
1804,3,12
1805,3,12
1806,2,13
1807,1,14
1808,1,14
1809,1,14
1810,0,15
1811,1,14
1812,1,14
1813,0,15
1814,0,15
1815,1,14
1816,2,13
1817,3,12
1818,2,13
1819,1,14
1820,1,14
1821,1,14
1822,1,14
1823,1,14
1824,0,15
1825,1,14
1826,0,15
1827,0,15
1828,0,15
1829,0,15
1830,1,14
1831,1,14
1832,1,14
1833,1,14
1834,2,13
1835,3,12
1836,2,13
1837,2,13
1838,2,13
1839,3,12
1840,3,12
1841,3,12
1842,3,12
1843,3,12
1844,3,12
1845,2,13
1846,1,14
1847,1,14
1848,1,14
1849,1,14
1850,0,15
1851,1,14
1852,2,13
1853,1,14
1854,1,14
1855,1,14
1856,1,14
1857,2,13
1858,2,13
1859,3,12
1860,3,12
1861,4,11
1862,4,11
1863,3,12
1864,4,11
1865,3,12
1866,3,12
1867,2,13
1868,2,13
1869,2,13
1870,3,12
1871,3,12
1872,3,12
1873,4,11
1874,5,10
1875,5,10
1876,6,9
1877,6,9
1878,6,9
1879,5,10
1880,4,11
1881,4,11
1882,5,10
1883,4,11
1884,5,10
1885,6,9
1886,6,9
1887,5,10
1888,6,9
1889,5,10
1890,4,11
1891,4,11
1892,5,10
1893,4,11
1894,3,12
1895,3,12
1896,2,13
1897,1,14
1898,1,14
1899,0,15
1900,1,14
1901,2,13
1902,2,13
1903,3,12
1904,3,12
1905,4,11
1906,5,10
1907,5,10
1908,6,9
1909,5,10
1910,6,9
1911,6,9
1912,6,9
1913,5,10
1914,5,10
1915,5,10
1916,5,10
1917,5,10
1918,5,10
1919,6,9
1920,6,9
1921,6,9
1922,7,8
1923,8,7
1924,7,8
1925,7,8
1926,7,8
1927,6,9
1928,6,9
1929,6,9
1930,5,10
1931,5,10
1932,5,10
1933,5,10
1934,5,10
1935,5,10
1936,5,10
1937,6,9
1938,7,8
1939,6,9
1940,6,9
1941,6,9
1942,5,10
1943,4,11
1944,5,10
1945,4,11
1946,4,11
1947,4,11
1948,3,12
1949,3,12
1950,4,11
1951,4,11
1952,3,12
1953,4,11
1954,3,12
1955,4,11
1956,4,11
1957,4,11
1958,4,11
1959,5,10
1960,5,10
1961,5,10
1962,5,10
1963,6,9
1964,5,10
1965,5,10
1966,6,9
1967,6,9
1968,6,9
1969,7,8
1970,8,7
1971,8,7
1972,8,7
1973,8,7
1974,9,6
1975,9,6
1976,9,6
1977,8,7
1978,7,8
1979,8,7
1980,8,7
1981,9,6
1982,8,7
1983,7,8
1984,6,9
1985,6,9
1986,6,9
1987,6,9
1988,6,9
1989,6,9
1990,5,10
1991,5,10
1992,5,10
1993,5,10
1994,5,10
1995,5,10
1996,6,9
1997,7,8
1998,7,8
1999,7,8
2000,6,9
2001,6,9
2002,6,9
2003,6,9
2004,6,9
2005,6,9
2006,5,10
2007,5,10
2008,4,11
2009,3,12
2010,4,11
2011,4,11
2012,4,11
2013,4,11
2014,3,12
2015,3,12
2016,4,11
2017,4,11
2018,5,10
2019,6,9
2020,6,9
2021,7,8
2022,8,7
2023,7,8
2024,8,7
2025,8,7
2026,7,8
2027,6,9
2028,5,10
2029,5,10
2030,5,10
2031,5,10
2032,5,10
2033,4,11
2034,4,11
2035,4,11
2036,4,11
2037,4,11
2038,3,12
2039,3,12
2040,4,11
2041,4,11
2042,4,11
2043,5,10
2044,5,10
2045,4,11
2046,4,11
2047,5,10
2048,4,11
2049,4,11
2050,5,10
2051,5,10
2052,5,10
2053,5,10
2054,5,10
2055,5,10
2056,5,10
2057,6,9
2058,5,10
2059,4,11
2060,3,12
2061,3,12
2062,2,13
2063,1,14
2064,2,13
2065,3,12
2066,4,11
2067,3,12
2068,3,12
2069,4,11
2070,4,11
2071,4,11
2072,4,11
2073,4,11
2074,3,12
2075,3,12
2076,2,13
2077,2,13
2078,2,13
2079,2,13
2080,3,12
2081,2,13
2082,1,14
2083,0,15
2084,0,15
2085,1,14
2086,1,14
2087,1,14
2088,2,13
2089,2,13
2090,2,13
2091,2,13
2092,2,13
2093,2,13
2094,3,12
2095,4,11
2096,5,10
2097,5,10
2098,6,9
2099,5,10
2100,5,10
2101,5,10
2102,4,11
2103,4,11
2104,3,12
2105,4,11
2106,5,10
2107,4,11
2108,4,11
2109,5,10
2110,4,11
2111,4,11
2112,4,11
2113,4,11
2114,4,11
2115,5,10
2116,5,10
2117,5,10
2118,5,10
2119,5,10
2120,4,11
2121,3,12
2122,3,12
2123,4,11
2124,3,12
2125,4,11
2126,3,12
2127,3,12
2128,4,11
2129,4,11
2130,3,12
2131,4,11
2132,4,11
2133,4,11
2134,5,10
2135,4,11
2136,4,11
2137,3,12
2138,3,12
2139,3,12
2140,4,11
2141,3,12
2142,3,12
2143,4,11
2144,3,12
2145,3,12
2146,3,12
2147,3,12
2148,4,11
2149,3,12
2150,4,11
2151,3,12
2152,3,12
2153,4,11
2154,5,10
2155,4,11
2156,3,12
2157,2,13
2158,2,13
2159,1,14
2160,1,14
2161,0,15
2162,0,15
2163,0,15
2164,1,14
2165,0,15
2166,1,14
2167,0,15
2168,1,14
2169,1,14
2170,0,15
2171,1,14
2172,2,13
2173,2,13
2174,2,13
2175,1,14
2176,2,13
2177,3,12
2178,3,12
2179,3,12
2180,3,12
2181,3,12
2182,3,12
2183,3,12
2184,3,12
2185,2,13
2186,1,14
2187,1,14
2188,1,14
2189,1,14
2190,0,15
2191,1,14
2192,0,15
2193,0,15
2194,1,14
2195,1,14
2196,2,13
2197,3,12
2198,2,13
2199,2,13
2200,2,13
2201,1,14
2202,1,14
2203,2,13
2204,2,13
2205,2,13
2206,1,14
2207,1,14
2208,0,15
2209,1,14
2210,1,14
2211,0,15
2212,0,15
2213,0,15
2214,0,15
2215,1,14
2216,0,15
2217,0,15
2218,1,14
2219,0,15
2220,0,15
2221,0,15
2222,0,15
2223,0,15
2224,1,14
2225,0,15
2226,1,14
2227,0,15
2228,1,14
2229,0,15
2230,1,14
2231,0,15
2232,0,15
2233,1,14
2234,0,15
2235,1,14
2236,1,14
2237,2,13
2238,2,13
2239,2,13
2240,1,14
2241,1,14
2242,1,14
2243,1,14
2244,0,15
2245,0,15
2246,1,14
2247,1,14
2248,0,15
2249,1,14
2250,1,14
2251,2,13
2252,1,14
2253,0,15
2254,1,14
2255,2,13
2256,2,13
2257,2,13
2258,1,14
2259,1,14
2260,1,14
2261,2,13
2262,2,13
2263,3,12
2264,3,12
2265,4,11
2266,4,11
2267,3,12
2268,3,12
2269,3,12
2270,3,12
2271,3,12
2272,3,12
2273,4,11
2274,3,12
2275,3,12
2276,4,11
2277,3,12
2278,4,11
2279,5,10
2280,6,9
2281,7,8
2282,7,8
2283,7,8
2284,6,9
2285,6,9
2286,7,8
2287,6,9
2288,7,8
2289,7,8
2290,6,9
2291,6,9
2292,6,9
2293,6,9
2294,7,8
2295,7,8
2296,7,8
2297,6,9
2298,7,8
2299,7,8
2300,6,9
2301,5,10
2302,5,10
2303,6,9
2304,6,9
2305,6,9
2306,5,10
2307,5,10
2308,5,10
2309,5,10
2310,6,9
2311,6,9
2312,5,10
2313,4,11
2314,3,12
2315,3,12
2316,2,13
2317,3,12
2318,2,13
2319,2,13
2320,1,14
2321,1,14
2322,0,15
2323,1,14
2324,2,13
2325,1,14
2326,0,15
2327,1,14
2328,0,15
2329,0,15
2330,0,15
2331,1,14
2332,1,14
2333,1,14
2334,0,15
2335,0,15
2336,1,14
2337,1,14
2338,2,13
2339,3,12
2340,2,13
2341,2,13
2342,2,13
2343,1,14
2344,0,15
2345,0,15
2346,1,14
2347,2,13
2348,2,13
2349,2,13
2350,2,13
2351,2,13
2352,2,13
2353,3,12
2354,3,12
2355,3,12
2356,4,11
2357,3,12
2358,3,12
2359,3,12
2360,3,12
2361,3,12
2362,3,12
2363,3,12
2364,4,11
2365,3,12
2366,4,11
2367,4,11
2368,4,11
2369,4,11
2370,4,11
2371,3,12
2372,2,13
2373,1,14
2374,1,14
2375,2,13
2376,2,13
2377,1,14
2378,1,14
2379,2,13
2380,2,13
2381,1,14
2382,1,14
2383,0,15
2384,0,15
2385,0,15
2386,1,14
2387,1,14
2388,1,14
2389,1,14
2390,2,13
2391,2,13
2392,2,13
2393,1,14
2394,1,14
2395,0,15
2396,0,15
2397,1,14
2398,1,14
2399,1,14
2400,0,15
2401,1,14
2402,0,15
2403,1,14
2404,2,13
2405,2,13
2406,2,13
2407,2,13
2408,2,13
2409,2,13
2410,2,13
2411,3,12
2412,2,13
2413,1,14
2414,1,14
2415,1,14
2416,1,14
2417,0,15
2418,1,14
2419,0,15
2420,1,14
2421,1,14
2422,0,15
2423,0,15
2424,1,14
2425,1,14
2426,0,15
2427,0,15
2428,1,14
2429,1,14
2430,1,14
2431,0,15
2432,1,14
2433,2,13
2434,3,12
2435,3,12
2436,4,11
2437,5,10
2438,6,9
2439,7,8
2440,8,7
2441,9,6
2442,8,7
2443,8,7
2444,9,6
2445,9,6
2446,8,7
2447,8,7
2448,7,8
2449,6,9
2450,5,10
2451,5,10
2452,5,10
2453,6,9
2454,5,10
2455,5,10
2456,5,10
2457,5,10
2458,4,11
2459,3,12
2460,2,13
2461,3,12
2462,2,13
2463,2,13
2464,1,14
2465,0,15
2466,0,15
2467,0,15
2468,1,14
2469,1,14
2470,2,13
2471,2,13
2472,2,13
2473,2,13
2474,1,14
2475,0,15
2476,0,15
2477,0,15
2478,0,15
2479,1,14
2480,0,15
2481,1,14
2482,0,15
2483,1,14
2484,0,15
2485,0,15
2486,0,15
2487,1,14
2488,0,15
2489,0,15
2490,0,15
2491,1,14
2492,1,14
2493,2,13
2494,2,13
2495,2,13
2496,1,14
2497,1,14
2498,2,13
2499,1,14
2500,1,14
2501,2,13
2502,2,13
2503,2,13
2504,1,14
2505,1,14
2506,1,14
2507,2,13
2508,2,13
2509,2,13
2510,1,14
2511,1,14
2512,1,14
2513,2,13
2514,2,13
2515,3,12
2516,2,13
2517,1,14
2518,0,15
2519,0,15
2520,0,15
2521,0,15
2522,0,15
2523,1,14
2524,0,15
2525,1,14
2526,1,14
2527,1,14
2528,0,15
2529,0,15
2530,0,15
2531,0,15
2532,1,14
2533,1,14
2534,0,15
2535,0,15
2536,0,15
2537,1,14
2538,0,15
2539,0,15
2540,0,15
2541,1,14
2542,1,14
2543,1,14
2544,1,14
2545,0,15
2546,1,14
2547,1,14
2548,1,14
2549,0,15
2550,1,14
2551,0,15
2552,1,14
2553,0,15
2554,0,15
2555,0,15
2556,0,15
2557,0,15
2558,1,14
2559,1,14
2560,1,14
2561,1,14
2562,1,14
2563,0,15
2564,1,14
2565,2,13
2566,2,13
2567,2,13
2568,2,13
2569,1,14
2570,2,13
2571,1,14
2572,1,14
2573,0,15
2574,1,14
2575,1,14
2576,1,14
2577,2,13
2578,2,13
2579,2,13
2580,1,14
2581,1,14
2582,2,13
2583,2,13
2584,2,13
2585,2,13
2586,3,12
2587,3,12
2588,4,11
2589,4,11
2590,4,11
2591,4,11
2592,4,11
2593,4,11
2594,3,12
2595,4,11
2596,4,11
2597,3,12
2598,4,11
2599,3,12
2600,3,12
2601,4,11
2602,4,11
2603,3,12
2604,4,11
2605,4,11
2606,5,10
2607,5,10
2608,6,9
2609,6,9
2610,6,9
2611,5,10
2612,5,10
2613,5,10
2614,5,10
2615,4,11
2616,3,12
2617,3,12
2618,4,11
2619,4,11
2620,4,11
2621,4,11
2622,3,12
2623,3,12
2624,2,13
2625,1,14
2626,0,15
2627,0,15
2628,0,15
2629,1,14
2630,1,14
2631,1,14
2632,0,15
2633,0,15
2634,1,14
2635,1,14
2636,1,14
2637,1,14
2638,1,14
2639,2,13
2640,2,13
2641,3,12
2642,2,13
2643,2,13
2644,3,12
2645,2,13
2646,2,13
2647,2,13
2648,2,13
2649,3,12
2650,2,13
2651,1,14
2652,0,15
2653,1,14
2654,1,14
2655,0,15
2656,0,15
2657,0,15
2658,0,15
2659,1,14
2660,0,15
2661,0,15
2662,1,14
2663,1,14
2664,0,15
2665,1,14
2666,0,15
2667,0,15
2668,0,15
2669,1,14
2670,1,14
2671,0,15
2672,0,15
2673,1,14
2674,1,14
2675,1,14
2676,1,14
2677,2,13
2678,2,13
2679,2,13
2680,1,14
2681,1,14
2682,0,15
2683,0,15
2684,0,15
2685,1,14
2686,1,14
2687,1,14
2688,2,13
2689,3,12
2690,3,12
2691,4,11
2692,5,10
2693,5,10
2694,6,9
2695,7,8
2696,6,9
2697,5,10
2698,5,10
2699,5,10
2700,5,10
2701,4,11
2702,4,11
2703,4,11
2704,5,10
2705,5,10
2706,5,10
2707,5,10
2708,6,9
2709,6,9
2710,7,8
2711,7,8
2712,8,7
2713,7,8
2714,8,7
2715,8,7
2716,8,7
2717,7,8
2718,7,8
2719,8,7
2720,8,7
2721,8,7
2722,8,7
2723,7,8
2724,7,8
2725,6,9
2726,7,8
2727,7,8
2728,7,8
2729,8,7
2730,7,8
2731,7,8
2732,8,7
2733,8,7
2734,9,6
2735,9,6
2736,9,6
2737,10,5
2738,10,5
2739,11,4
2740,11,4
2741,10,5
2742,11,4
2743,11,4
2744,12,3
2745,11,4
2746,11,4
2747,11,4
2748,12,3
2749,11,4
2750,11,4
2751,11,4
2752,11,4
2753,11,4
2754,11,4
2755,12,3
2756,12,3
2757,13,2
2758,13,2
2759,13,2
2760,13,2
2761,12,3
2762,13,2
2763,12,3
2764,12,3
2765,11,4
2766,11,4
2767,11,4
2768,12,3
2769,13,2
2770,13,2
2771,12,3
2772,11,4
2773,11,4
2774,11,4
2775,11,4
2776,12,3
2777,13,2
2778,14,1
2779,13,2
2780,12,3
2781,11,4
2782,10,5
2783,11,4
2784,11,4
2785,12,3
2786,12,3
2787,12,3
2788,11,4
2789,12,3
2790,13,2
2791,12,3
2792,11,4
2793,11,4
2794,10,5
2795,10,5
2796,10,5
2797,9,6
2798,8,7
2799,8,7
2800,9,6
2801,9,6
2802,10,5
2803,10,5
2804,11,4
2805,11,4
2806,10,5
2807,10,5
2808,10,5
2809,10,5
2810,10,5
2811,11,4
2812,10,5
2813,9,6
2814,8,7
2815,9,6
2816,9,6
2817,10,5
2818,11,4
2819,12,3
2820,12,3
2821,12,3
2822,13,2
2823,14,1
2824,14,1
2825,13,2
2826,12,3
2827,13,2
2828,14,1
2829,15,0
2830,14,1
2831,13,2
2832,13,2
2833,13,2
2834,13,2
2835,12,3
2836,12,3
2837,12,3
2838,13,2
2839,12,3
2840,11,4
2841,11,4
2842,11,4
2843,11,4
2844,12,3
2845,12,3
2846,12,3
2847,12,3
2848,11,4
2849,11,4
2850,10,5
2851,10,5
2852,10,5
2853,10,5
2854,10,5
2855,10,5
2856,9,6
2857,9,6
2858,8,7
2859,8,7
2860,8,7
2861,9,6
2862,9,6
2863,9,6
2864,9,6
2865,9,6
2866,9,6
2867,9,6
2868,8,7
2869,8,7
2870,8,7
2871,8,7
2872,9,6
2873,10,5
2874,11,4
2875,11,4
2876,11,4
2877,11,4
2878,11,4
2879,11,4
2880,12,3
2881,12,3
2882,12,3
2883,13,2
2884,12,3
2885,12,3
2886,12,3
2887,11,4
2888,11,4
2889,11,4
2890,10,5
2891,9,6
2892,8,7
2893,9,6
2894,8,7
2895,8,7
2896,8,7
2897,9,6
2898,10,5
2899,10,5
2900,9,6
2901,8,7
2902,9,6
2903,8,7
2904,7,8
2905,7,8
2906,7,8
2907,7,8
2908,6,9
2909,6,9
2910,6,9
2911,7,8
2912,6,9
2913,5,10
2914,6,9
2915,6,9
2916,6,9
2917,5,10
2918,4,11
2919,4,11
2920,4,11
2921,5,10
2922,5,10
2923,5,10
2924,5,10
2925,6,9
2926,7,8
2927,6,9
2928,5,10
2929,5,10
2930,6,9
2931,5,10
2932,6,9
2933,7,8
2934,6,9
2935,6,9
2936,7,8
2937,6,9
2938,5,10
2939,5,10
2940,4,11
2941,3,12
2942,4,11
2943,3,12
2944,2,13
2945,2,13
2946,2,13
2947,2,13
2948,1,14
2949,1,14
2950,1,14
2951,0,15
2952,0,15
2953,1,14
2954,2,13
2955,2,13
2956,2,13
2957,3,12
2958,3,12
2959,3,12
2960,3,12
2961,2,13
2962,3,12
2963,3,12
2964,3,12
2965,3,12
2966,4,11
2967,4,11
2968,5,10
2969,5,10
2970,6,9
2971,6,9
2972,7,8
2973,6,9
2974,5,10
2975,6,9
2976,7,8
2977,8,7
2978,7,8
2979,7,8
2980,7,8
2981,6,9
2982,5,10
2983,4,11
2984,4,11
2985,3,12
2986,3,12
2987,2,13
2988,2,13
2989,1,14
2990,2,13
2991,3,12
2992,3,12
2993,3,12
2994,3,12
2995,3,12
2996,3,12
2997,3,12
2998,3,12
2999,4,11
3000,4,11
3001,4,11
3002,4,11
3003,4,11
3004,4,11
3005,4,11
3006,5,10
3007,5,10
3008,6,9
3009,6,9
3010,6,9
3011,6,9
3012,5,10
3013,6,9
3014,7,8
3015,7,8
3016,7,8
3017,7,8
3018,7,8
3019,6,9
3020,5,10
3021,6,9
3022,6,9
3023,6,9
3024,6,9
3025,5,10
3026,4,11
3027,4,11
3028,3,12
3029,2,13
3030,1,14
3031,0,15
3032,1,14
3033,2,13
3034,3,12
3035,3,12
3036,4,11
3037,3,12
3038,3,12
3039,3,12
3040,3,12
3041,2,13
3042,3,12
3043,4,11
3044,5,10
3045,6,9
3046,7,8
3047,6,9
3048,6,9
3049,5,10
3050,6,9
3051,6,9
3052,6,9
3053,6,9
3054,7,8
3055,7,8
3056,8,7
3057,8,7
3058,8,7
3059,8,7
3060,7,8
3061,6,9
3062,6,9
3063,7,8
3064,7,8
3065,8,7
3066,8,7
3067,8,7
3068,7,8
3069,8,7
3070,8,7
3071,9,6
3072,9,6
3073,10,5
3074,10,5
3075,10,5
3076,9,6
3077,9,6
3078,9,6
3079,9,6
3080,10,5
3081,11,4
3082,10,5
3083,9,6
3084,10,5
3085,10,5
3086,10,5
3087,11,4
3088,11,4
3089,12,3
3090,12,3
3091,13,2
3092,14,1
3093,14,1
3094,15,0
3095,15,0
3096,15,0
3097,14,1
3098,14,1
3099,14,1
3100,13,2
3101,13,2
3102,13,2
3103,13,2
3104,14,1
3105,14,1
3106,15,0
3107,14,1
3108,14,1
3109,13,2
3110,14,1
3111,15,0
3112,15,0
3113,15,0
3114,15,0
3115,15,0
3116,15,0
3117,15,0
3118,15,0
3119,15,0
3120,15,0
3121,15,0
3122,15,0
3123,15,0
3124,15,0
3125,15,0
3126,15,0
3127,15,0
3128,15,0
3129,15,0
3130,15,0
3131,15,0
3132,15,0
3133,15,0
3134,15,0
3135,14,1
3136,14,1
3137,15,0
3138,14,1
3139,14,1
3140,13,2
3141,13,2
3142,13,2
3143,14,1
3144,15,0
3145,15,0
3146,15,0
3147,15,0
3148,15,0
3149,15,0
3150,15,0
3151,15,0
3152,14,1
3153,14,1
3154,15,0
3155,15,0
3156,14,1
3157,14,1
3158,13,2
3159,12,3
3160,13,2
3161,13,2
3162,13,2
3163,13,2
3164,13,2
3165,12,3
3166,12,3
3167,12,3
3168,12,3
3169,11,4
3170,10,5
3171,9,6
3172,10,5
3173,9,6
3174,9,6
3175,8,7
3176,8,7
3177,8,7
3178,9,6
3179,9,6
3180,10,5
3181,9,6
3182,8,7
3183,8,7
3184,8,7
3185,9,6
3186,8,7
3187,9,6
3188,9,6
3189,10,5
3190,11,4
3191,12,3
3192,12,3
3193,12,3
3194,11,4
3195,11,4
3196,11,4
3197,11,4
3198,11,4
3199,11,4
3200,11,4
3201,11,4
3202,11,4
3203,12,3
3204,12,3
3205,13,2
3206,12,3
3207,13,2
3208,13,2
3209,12,3
3210,12,3
3211,12,3
3212,11,4
3213,12,3
3214,12,3
3215,11,4
3216,11,4
3217,10,5
3218,10,5
3219,11,4
3220,11,4
3221,11,4
3222,10,5
3223,10,5
3224,9,6
3225,9,6
3226,9,6
3227,10,5
3228,11,4
3229,11,4
3230,11,4
3231,10,5
3232,10,5
3233,11,4
3234,10,5
3235,10,5
3236,9,6
3237,9,6
3238,9,6
3239,8,7
3240,7,8
3241,8,7
3242,8,7
3243,8,7
3244,8,7
3245,8,7
3246,8,7
3247,8,7
3248,8,7
3249,8,7
3250,8,7
3251,9,6
3252,8,7
3253,9,6
3254,9,6
3255,9,6
3256,9,6
3257,9,6
3258,8,7
3259,8,7
3260,9,6
3261,8,7
3262,7,8
3263,7,8
3264,7,8
3265,7,8
3266,6,9
3267,5,10
3268,5,10
3269,4,11
3270,4,11
3271,4,11
3272,4,11
3273,4,11
3274,3,12
3275,2,13
3276,2,13
3277,3,12
3278,4,11
3279,4,11
3280,4,11
3281,4,11
3282,4,11
3283,4,11
3284,5,10
3285,5,10
3286,5,10
3287,5,10
3288,6,9
3289,5,10
3290,5,10
3291,4,11
3292,3,12
3293,4,11
3294,5,10
3295,4,11
3296,3,12
3297,2,13
3298,3,12
3299,3,12
3300,4,11
3301,4,11
3302,5,10
3303,5,10
3304,5,10
3305,6,9
3306,7,8
3307,6,9
3308,6,9
3309,7,8
3310,7,8
3311,6,9
3312,6,9
3313,6,9
3314,6,9
3315,5,10
3316,4,11
3317,4,11
3318,5,10
3319,5,10
3320,4,11
3321,4,11
3322,4,11
3323,4,11
3324,4,11
3325,4,11
3326,5,10
3327,5,10
3328,5,10
3329,6,9
3330,5,10
3331,6,9
3332,5,10
3333,5,10
3334,5,10
3335,5,10
3336,5,10
3337,5,10
3338,4,11
3339,4,11
3340,3,12
3341,2,13
3342,2,13
3343,2,13
3344,3,12
3345,3,12
3346,3,12
3347,3,12
3348,2,13
3349,2,13
3350,1,14
3351,0,15
3352,0,15
3353,1,14
3354,1,14
3355,0,15
3356,1,14
3357,1,14
3358,2,13
3359,1,14
3360,1,14
3361,1,14
3362,2,13
3363,1,14
3364,2,13
3365,3,12
3366,3,12
3367,3,12
3368,2,13
3369,2,13
3370,1,14
3371,2,13
3372,1,14
3373,2,13
3374,2,13
3375,3,12
3376,3,12
3377,3,12
3378,3,12
3379,4,11
3380,4,11
3381,4,11
3382,5,10
3383,5,10
3384,6,9
3385,6,9
3386,6,9
3387,6,9
3388,5,10
3389,4,11
3390,3,12
3391,3,12
3392,3,12
3393,2,13
3394,2,13
3395,2,13
3396,3,12
3397,2,13
3398,2,13
3399,2,13
3400,1,14
3401,1,14
3402,0,15
3403,0,15
3404,1,14
3405,0,15
3406,1,14
3407,0,15
3408,0,15
3409,1,14
3410,1,14
3411,0,15
3412,0,15
3413,1,14
3414,1,14
3415,1,14
3416,1,14
3417,1,14
3418,1,14
3419,0,15
3420,1,14
3421,1,14
3422,1,14
3423,1,14
3424,1,14
3425,0,15
3426,0,15
3427,1,14
3428,1,14
3429,0,15
3430,0,15
3431,1,14
3432,1,14
3433,0,15
3434,0,15
3435,0,15
3436,0,15
3437,0,15
3438,0,15
3439,0,15
3440,0,15
3441,0,15
3442,1,14
3443,2,13
3444,2,13
3445,3,12
3446,3,12
3447,3,12
3448,3,12
3449,4,11
3450,4,11
3451,4,11
3452,5,10
3453,5,10
3454,4,11
3455,4,11
3456,3,12
3457,4,11
3458,4,11
3459,3,12
3460,4,11
3461,3,12
3462,4,11
3463,4,11
3464,5,10
3465,6,9
3466,6,9
3467,6,9
3468,6,9
3469,6,9
3470,5,10
3471,5,10
3472,5,10
3473,6,9
3474,6,9
3475,6,9
3476,7,8
3477,6,9
3478,6,9
3479,5,10
3480,6,9
3481,6,9
3482,5,10
3483,4,11
3484,4,11
3485,4,11
3486,5,10
3487,5,10
3488,5,10
3489,4,11
3490,4,11
3491,3,12
3492,3,12
3493,3,12
3494,4,11
3495,5,10
3496,5,10
3497,5,10
3498,5,10
3499,6,9
3500,6,9
3501,6,9
3502,7,8
3503,7,8
3504,8,7
3505,8,7
3506,7,8
3507,7,8
3508,7,8
3509,7,8
3510,6,9
3511,6,9
3512,7,8
3513,7,8
3514,6,9
3515,5,10
3516,5,10
3517,5,10
3518,5,10
3519,5,10
3520,6,9
3521,7,8
3522,7,8
3523,6,9
3524,6,9
3525,6,9
3526,5,10
3527,6,9
3528,6,9
3529,6,9
3530,5,10
3531,5,10
3532,6,9
3533,6,9
3534,6,9
3535,6,9
3536,7,8
3537,7,8
3538,7,8
3539,8,7
3540,7,8
3541,6,9
3542,6,9
3543,7,8
3544,6,9
3545,5,10
3546,4,11
3547,4,11
3548,5,10
3549,5,10
3550,5,10
3551,5,10
3552,4,11
3553,3,12
3554,3,12
3555,3,12
3556,3,12
3557,2,13
3558,1,14
3559,1,14
3560,1,14
3561,2,13
3562,3,12
3563,2,13
3564,3,12
3565,3,12
3566,2,13
3567,2,13
3568,2,13
3569,1,14
3570,0,15
3571,1,14
3572,2,13
3573,2,13
3574,2,13
3575,2,13
3576,1,14
3577,0,15
3578,0,15
3579,1,14
3580,2,13
3581,1,14
3582,0,15
3583,1,14
3584,2,13
3585,2,13
3586,2,13
3587,2,13
3588,2,13
3589,2,13
3590,1,14
3591,1,14
3592,2,13
3593,1,14
3594,1,14
3595,2,13
3596,2,13
3597,2,13
3598,2,13
3599,2,13
3600,2,13
3601,2,13
3602,1,14
3603,1,14
3604,0,15
3605,1,14
3606,1,14
3607,1,14
3608,1,14
3609,1,14
3610,1,14
3611,0,15
3612,0,15
3613,1,14
3614,1,14
3615,2,13
3616,2,13
3617,3,12
3618,3,12
3619,3,12
3620,4,11
3621,4,11
3622,4,11
3623,4,11
3624,3,12
3625,3,12
3626,3,12
3627,3,12
3628,2,13
3629,1,14
3630,1,14
3631,1,14
3632,0,15
3633,0,15
3634,1,14
3635,0,15
3636,1,14
3637,1,14
3638,2,13
3639,2,13
3640,1,14
3641,1,14
3642,1,14
3643,1,14
3644,2,13
3645,1,14
3646,2,13
3647,2,13
3648,2,13
3649,1,14
3650,1,14
3651,2,13
3652,2,13
3653,2,13
3654,2,13
3655,1,14
3656,1,14
3657,0,15
3658,0,15
3659,0,15
3660,1,14
3661,0,15
3662,1,14
3663,1,14
3664,1,14
3665,1,14
3666,1,14
3667,1,14
3668,2,13
3669,3,12
3670,3,12
3671,2,13
3672,2,13
3673,1,14
3674,1,14
3675,1,14
3676,2,13
3677,3,12
3678,3,12
3679,3,12
3680,3,12
3681,3,12
3682,2,13
3683,2,13
3684,3,12
3685,4,11
3686,5,10
3687,5,10
3688,6,9
3689,5,10
3690,6,9
3691,7,8
3692,7,8
3693,8,7
3694,8,7
3695,8,7
3696,8,7
3697,8,7
3698,8,7
3699,9,6
3700,9,6
3701,8,7
3702,8,7
3703,7,8
3704,7,8
3705,6,9
3706,6,9
3707,5,10
3708,4,11
3709,4,11
3710,5,10
3711,5,10
3712,4,11
3713,4,11
3714,3,12
3715,3,12
3716,2,13
3717,2,13
3718,2,13
3719,2,13
3720,1,14
3721,0,15
3722,1,14
3723,1,14
3724,1,14
3725,1,14
3726,0,15
3727,0,15
3728,1,14
3729,2,13
3730,1,14
3731,0,15
3732,0,15
3733,0,15
3734,1,14
3735,2,13
3736,2,13
3737,2,13
3738,2,13
3739,3,12
3740,2,13
3741,3,12
3742,3,12
3743,4,11
3744,5,10
3745,5,10
3746,6,9
3747,6,9
3748,7,8
3749,8,7
3750,8,7
3751,9,6
3752,9,6
3753,9,6
3754,10,5
3755,11,4
3756,10,5
3757,9,6
3758,8,7
3759,8,7
3760,7,8
3761,6,9
3762,6,9
3763,6,9
3764,7,8
3765,8,7
3766,7,8
3767,7,8
3768,7,8
3769,8,7
3770,9,6
3771,10,5
3772,10,5
3773,11,4
3774,11,4
3775,11,4
3776,11,4
3777,12,3
3778,11,4
3779,10,5
3780,9,6
3781,9,6
3782,9,6
3783,10,5
3784,9,6
3785,9,6
3786,9,6
3787,9,6
3788,10,5
3789,10,5
3790,9,6
3791,8,7
3792,9,6
3793,9,6
3794,9,6
3795,8,7
3796,7,8
3797,7,8
3798,6,9
3799,6,9
3800,6,9
3801,6,9
3802,7,8
3803,6,9
3804,7,8
3805,6,9
3806,6,9
3807,6,9
3808,5,10
3809,5,10
3810,5,10
3811,4,11
3812,4,11
3813,4,11
3814,4,11
3815,4,11
3816,4,11
3817,4,11
3818,4,11
3819,5,10
3820,5,10
3821,4,11
3822,3,12
3823,2,13
3824,2,13
3825,2,13
3826,2,13
3827,1,14
3828,2,13
3829,2,13
3830,3,12
3831,3,12
3832,3,12
3833,3,12
3834,3,12
3835,3,12
3836,2,13
3837,1,14
3838,1,14
3839,0,15
3840,1,14
3841,2,13
3842,2,13
3843,2,13
3844,2,13
3845,3,12
3846,4,11
3847,5,10
3848,5,10
3849,5,10
3850,4,11
3851,3,12
3852,3,12
3853,3,12
3854,2,13
3855,1,14
3856,1,14
3857,1,14
3858,0,15
3859,0,15
3860,1,14
3861,0,15
3862,0,15
3863,1,14
3864,1,14
3865,1,14
3866,2,13
3867,2,13
3868,2,13
3869,1,14
3870,1,14
3871,1,14
3872,0,15
3873,0,15
3874,0,15
3875,1,14
3876,0,15
3877,0,15
3878,1,14
3879,1,14
3880,2,13
3881,2,13
3882,3,12
3883,3,12
3884,4,11
3885,4,11
3886,4,11
3887,4,11
3888,5,10
3889,4,11
3890,4,11
3891,3,12
3892,3,12
3893,2,13
3894,3,12
3895,3,12
3896,3,12
3897,3,12
3898,4,11
3899,4,11
3900,4,11
3901,4,11
3902,3,12
3903,3,12
3904,3,12
3905,4,11
3906,4,11
3907,4,11
3908,3,12
3909,4,11
3910,4,11
3911,4,11
3912,3,12
3913,3,12
3914,4,11
3915,4,11
3916,3,12
3917,3,12
3918,4,11
3919,3,12
3920,3,12
3921,4,11
3922,4,11
3923,4,11
3924,5,10
3925,5,10
3926,4,11
3927,3,12
3928,3,12
3929,3,12
3930,3,12
3931,3,12
3932,2,13
3933,1,14
3934,2,13
3935,3,12
3936,2,13
3937,2,13
3938,1,14
3939,0,15
3940,1,14
3941,0,15
3942,1,14
3943,1,14
3944,1,14
3945,2,13
3946,2,13
3947,2,13
3948,3,12
3949,2,13
3950,1,14
3951,1,14
3952,2,13
3953,1,14
3954,2,13
3955,1,14
3956,0,15
3957,1,14
3958,2,13
3959,2,13
3960,2,13
3961,1,14
3962,1,14
3963,1,14
3964,2,13
3965,2,13
3966,3,12
3967,3,12
3968,4,11
3969,3,12
3970,3,12
3971,4,11
3972,4,11
3973,3,12
3974,4,11
3975,3,12
3976,3,12
3977,2,13
3978,2,13
3979,2,13
3980,1,14
3981,0,15
3982,1,14
3983,2,13
3984,3,12
3985,4,11
3986,5,10
3987,6,9
3988,5,10
3989,6,9
3990,6,9
3991,7,8
3992,8,7
3993,8,7
3994,9,6
3995,9,6
3996,9,6
3997,9,6
3998,10,5
3999,10,5
4000,10,5
4001,9,6
4002,9,6
4003,8,7
4004,7,8
4005,7,8
4006,6,9
4007,5,10
4008,6,9
4009,6,9
4010,6,9
4011,5,10
4012,6,9
4013,6,9
4014,6,9
4015,5,10
4016,4,11
4017,4,11
4018,4,11
4019,4,11
4020,5,10
4021,5,10
4022,6,9
4023,6,9
4024,5,10
4025,6,9
4026,6,9
4027,6,9
4028,6,9
4029,6,9
4030,5,10
4031,5,10
4032,5,10
4033,6,9
4034,7,8
4035,7,8
4036,7,8
4037,8,7
4038,8,7
4039,8,7
4040,7,8
4041,7,8
4042,6,9
4043,7,8
4044,8,7
4045,8,7
4046,7,8
4047,6,9
4048,7,8
4049,8,7
4050,9,6
4051,9,6
4052,10,5
4053,9,6
4054,10,5
4055,10,5
4056,9,6
4057,8,7
4058,7,8
4059,7,8
4060,7,8
4061,8,7
4062,8,7
4063,9,6
4064,9,6
4065,9,6
4066,9,6
4067,9,6
4068,10,5
4069,9,6
4070,10,5
4071,11,4
4072,12,3
4073,12,3
4074,12,3
4075,13,2
4076,14,1
4077,14,1
4078,14,1
4079,14,1
4080,13,2
4081,12,3
4082,12,3
4083,13,2
4084,14,1
4085,15,0
4086,15,0
4087,15,0
4088,14,1
4089,14,1
4090,13,2
4091,12,3
4092,12,3
4093,12,3
4094,12,3
4095,12,3
4096,13,2
4097,13,2
4098,14,1
4099,14,1
4100,13,2
4101,12,3
4102,12,3
4103,12,3
4104,12,3
4105,12,3
4106,12,3
4107,11,4
4108,10,5
4109,11,4
4110,12,3
4111,13,2
4112,14,1
4113,14,1
4114,14,1
4115,15,0
4116,15,0
4117,15,0
4118,15,0
4119,15,0
4120,15,0
4121,15,0
4122,15,0
4123,15,0
4124,14,1
4125,14,1
4126,13,2
4127,12,3
4128,12,3
4129,13,2
4130,12,3
4131,12,3
4132,13,2
4133,14,1
4134,15,0
4135,15,0
4136,15,0
4137,15,0
4138,15,0
4139,15,0
4140,15,0
4141,14,1
4142,15,0
4143,15,0
4144,15,0
4145,15,0
4146,14,1
4147,14,1
4148,13,2
4149,13,2
4150,14,1
4151,14,1
4152,14,1
4153,13,2
4154,12,3
4155,11,4
4156,10,5
4157,11,4
4158,10,5
4159,10,5
4160,10,5
4161,10,5
4162,10,5
4163,9,6
4164,9,6
4165,8,7
4166,7,8
4167,7,8
4168,7,8
4169,7,8
4170,7,8
4171,8,7
4172,9,6
4173,9,6
4174,10,5
4175,9,6
4176,10,5
4177,11,4
4178,12,3
4179,12,3
4180,13,2
4181,13,2
4182,13,2
4183,13,2
4184,12,3
4185,12,3
4186,13,2
4187,13,2
4188,14,1
4189,15,0
4190,14,1
4191,13,2
4192,12,3
4193,12,3
4194,11,4
4195,11,4
4196,10,5
4197,10,5
4198,11,4
4199,11,4
4200,10,5
4201,9,6
4202,9,6
4203,10,5
4204,9,6
4205,9,6
4206,9,6
4207,10,5
4208,10,5
4209,9,6
4210,9,6
4211,9,6
4212,9,6
4213,9,6
4214,9,6
4215,9,6
4216,9,6
4217,9,6
4218,9,6
4219,8,7
4220,8,7
4221,8,7
4222,8,7
4223,8,7
4224,7,8
4225,6,9
4226,5,10
4227,5,10
4228,4,11
4229,5,10
4230,4,11
4231,5,10
4232,6,9
4233,6,9
4234,5,10
4235,5,10
4236,6,9
4237,6,9
4238,5,10
4239,5,10
4240,5,10
4241,5,10
4242,5,10
4243,5,10
4244,6,9
4245,5,10
4246,4,11
4247,4,11
4248,5,10
4249,5,10
4250,6,9
4251,6,9
4252,5,10
4253,5,10
4254,5,10
4255,6,9
4256,6,9
4257,5,10
4258,5,10
4259,6,9
4260,6,9
4261,6,9
4262,6,9
4263,7,8
4264,6,9
4265,7,8
4266,8,7
4267,8,7
4268,9,6
4269,8,7
4270,8,7
4271,7,8
4272,6,9
4273,6,9
4274,7,8
4275,8,7
4276,8,7
4277,9,6
4278,10,5
4279,11,4
4280,11,4
4281,12,3
4282,13,2
4283,12,3
4284,12,3
4285,12,3
4286,13,2
4287,13,2
4288,12,3
4289,11,4
4290,10,5
4291,9,6
4292,9,6
4293,10,5
4294,10,5
4295,9,6
4296,9,6
4297,9,6
4298,9,6
4299,9,6
4300,9,6
4301,8,7
4302,9,6
4303,8,7
4304,8,7
4305,8,7
4306,8,7
4307,8,7
4308,9,6
4309,8,7
4310,9,6
4311,8,7
4312,9,6
4313,10,5
4314,10,5
4315,9,6
4316,9,6
4317,8,7
4318,8,7
4319,8,7
4320,8,7
4321,8,7
4322,8,7
4323,8,7
4324,8,7
4325,7,8
4326,7,8
4327,8,7
4328,7,8
4329,6,9
4330,6,9
4331,6,9
4332,6,9
4333,5,10
4334,4,11
4335,4,11
4336,4,11
4337,3,12
4338,3,12
4339,3,12
4340,3,12
4341,2,13
4342,3,12
4343,3,12
4344,2,13
4345,1,14
4346,1,14
4347,2,13
4348,3,12
4349,4,11
4350,3,12
4351,3,12
4352,3,12
4353,3,12
4354,3,12
4355,3,12
4356,3,12
4357,3,12
4358,4,11
4359,4,11
4360,4,11
4361,4,11
4362,5,10
4363,5,10
4364,5,10
4365,4,11
4366,5,10
4367,5,10
4368,6,9
4369,7,8
4370,8,7
4371,8,7
4372,7,8
4373,7,8
4374,7,8
4375,7,8
4376,8,7
4377,7,8
4378,6,9
4379,6,9
4380,6,9
4381,5,10
4382,6,9
4383,5,10
4384,5,10
4385,5,10
4386,5,10
4387,5,10
4388,5,10
4389,4,11
4390,4,11
4391,4,11
4392,3,12
4393,2,13
4394,1,14
4395,1,14
4396,2,13
4397,2,13
4398,1,14
4399,1,14
4400,0,15
4401,0,15
4402,0,15
4403,0,15
4404,1,14
4405,1,14
4406,2,13
4407,3,12
4408,3,12
4409,4,11
4410,3,12
4411,4,11
4412,5,10
4413,4,11
4414,5,10
4415,6,9
4416,7,8
4417,8,7
4418,9,6
4419,9,6
4420,9,6
4421,8,7
4422,8,7
4423,9,6
4424,8,7
4425,7,8
4426,6,9
4427,6,9
4428,5,10
4429,6,9
4430,6,9
4431,6,9
4432,5,10
4433,6,9
4434,5,10
4435,4,11
4436,5,10
4437,6,9
4438,6,9
4439,7,8
4440,8,7
4441,8,7
4442,7,8
4443,6,9
4444,6,9
4445,6,9
4446,6,9
4447,5,10
4448,5,10
4449,5,10
4450,6,9
4451,7,8
4452,8,7
4453,8,7
4454,9,6
4455,10,5
4456,10,5
4457,10,5
4458,11,4
4459,11,4
4460,11,4
4461,11,4
4462,11,4
4463,10,5
4464,10,5
4465,9,6
4466,10,5
4467,9,6
4468,10,5
4469,11,4
4470,11,4
4471,12,3
4472,13,2
4473,13,2
4474,14,1
4475,14,1
4476,13,2
4477,13,2
4478,14,1
4479,14,1
4480,14,1
4481,14,1
4482,14,1
4483,15,0
4484,15,0
4485,15,0
4486,14,1
4487,14,1
4488,13,2
4489,14,1
4490,15,0
4491,15,0
4492,15,0
4493,15,0
4494,15,0
4495,14,1
4496,13,2
4497,12,3
4498,12,3
4499,13,2
4500,13,2
4501,12,3
4502,12,3
4503,11,4
4504,12,3
4505,11,4
4506,10,5
4507,10,5
4508,9,6
4509,9,6
4510,8,7
4511,8,7
4512,9,6
4513,8,7
4514,8,7
4515,8,7
4516,8,7
4517,8,7
4518,9,6
4519,8,7
4520,7,8
4521,8,7
4522,8,7
4523,8,7
4524,8,7
4525,7,8
4526,7,8
4527,8,7
4528,8,7
4529,8,7
4530,8,7
4531,8,7
4532,8,7
4533,9,6
4534,9,6
4535,9,6
4536,9,6
4537,9,6
4538,8,7
4539,9,6
4540,8,7
4541,8,7
4542,8,7
4543,8,7
4544,9,6
4545,9,6
4546,8,7
4547,7,8
4548,8,7
4549,9,6
4550,9,6
4551,9,6
4552,9,6
4553,10,5
4554,11,4
4555,12,3
4556,12,3
4557,11,4
4558,10,5
4559,9,6
4560,8,7
4561,8,7
4562,8,7
4563,8,7
4564,8,7
4565,8,7
4566,9,6
4567,10,5
4568,9,6
4569,8,7
4570,9,6
4571,8,7
4572,8,7
4573,9,6
4574,8,7
4575,9,6
4576,9,6
4577,10,5
4578,9,6
4579,9,6
4580,9,6
4581,9,6
4582,10,5
4583,10,5
4584,10,5
4585,9,6
4586,10,5
4587,10,5
4588,11,4
4589,12,3
4590,11,4
4591,12,3
4592,12,3
4593,11,4
4594,10,5
4595,11,4
4596,10,5
4597,10,5
4598,10,5
4599,10,5
4600,10,5
4601,10,5
4602,10,5
4603,9,6
4604,8,7
4605,8,7
4606,8,7
4607,7,8
4608,6,9
4609,6,9
4610,7,8
4611,7,8
4612,7,8
4613,7,8
4614,8,7
4615,8,7
4616,8,7
4617,9,6
4618,9,6
4619,9,6
4620,8,7
4621,9,6
4622,8,7
4623,7,8
4624,7,8
4625,7,8
4626,7,8
4627,6,9
4628,6,9
4629,6,9
4630,6,9
4631,7,8
4632,7,8
4633,8,7
4634,8,7
4635,8,7
4636,7,8
4637,7,8
4638,7,8
4639,6,9
4640,6,9
4641,6,9
4642,6,9
4643,7,8
4644,7,8
4645,7,8
4646,8,7
4647,7,8
4648,6,9
4649,6,9
4650,5,10
4651,5,10
4652,5,10
4653,4,11
4654,4,11
4655,4,11
4656,4,11
4657,5,10
4658,4,11
4659,4,11
4660,4,11
4661,4,11
4662,4,11
4663,5,10
4664,4,11
4665,4,11
4666,4,11
4667,4,11
4668,5,10
4669,6,9
4670,6,9
4671,6,9
4672,7,8
4673,7,8
4674,7,8
4675,6,9
4676,5,10
4677,4,11
4678,4,11
4679,3,12
4680,3,12
4681,2,13
4682,3,12
4683,4,11
4684,4,11
4685,4,11
4686,5,10
4687,6,9
4688,5,10
4689,5,10
4690,5,10
4691,5,10
4692,5,10
4693,6,9
4694,5,10
4695,5,10
4696,5,10
4697,4,11
4698,5,10
4699,5,10
4700,6,9
4701,5,10
4702,4,11
4703,5,10
4704,5,10
4705,4,11
4706,4,11
4707,4,11
4708,4,11
4709,5,10
4710,6,9
4711,6,9
4712,6,9
4713,7,8
4714,8,7
4715,9,6
4716,8,7
4717,8,7
4718,8,7
4719,8,7
4720,8,7
4721,8,7
4722,8,7
4723,8,7
4724,7,8
4725,6,9
4726,7,8
4727,8,7
4728,8,7
4729,8,7
4730,8,7
4731,7,8
4732,7,8
4733,7,8
4734,6,9
4735,5,10
4736,4,11
4737,3,12
4738,3,12
4739,4,11
4740,5,10
4741,5,10
4742,5,10
4743,5,10
4744,5,10
4745,5,10
4746,6,9
4747,7,8
4748,6,9
4749,6,9
4750,6,9
4751,5,10
4752,4,11
4753,4,11
4754,5,10
4755,6,9
4756,5,10
4757,5,10
4758,5,10
4759,5,10
4760,4,11
4761,5,10
4762,5,10
4763,5,10
4764,5,10
4765,6,9
4766,6,9
4767,6,9
4768,5,10
4769,6,9
4770,7,8
4771,8,7
4772,8,7
4773,9,6
4774,10,5
4775,10,5
4776,10,5
4777,10,5
4778,10,5
4779,10,5
4780,10,5
4781,9,6
4782,8,7
4783,7,8
4784,7,8
4785,7,8
4786,7,8
4787,7,8
4788,8,7
4789,8,7
4790,8,7
4791,8,7
4792,7,8
4793,7,8
4794,7,8
4795,7,8
4796,7,8
4797,6,9
4798,6,9
4799,7,8
4800,7,8
4801,6,9
4802,6,9
4803,6,9
4804,5,10
4805,6,9
4806,6,9
4807,7,8
4808,7,8
4809,7,8
4810,7,8
4811,6,9
4812,5,10
4813,6,9
4814,6,9
4815,7,8
4816,7,8
4817,8,7
4818,7,8
4819,7,8
4820,8,7
4821,8,7
4822,8,7
4823,8,7
4824,9,6
4825,9,6
4826,9,6
4827,10,5
4828,10,5
4829,10,5
4830,9,6
4831,9,6
4832,9,6
4833,9,6
4834,10,5
4835,10,5
4836,11,4
4837,12,3
4838,12,3
4839,13,2
4840,13,2
4841,14,1
4842,14,1
4843,15,0
4844,14,1
4845,13,2
4846,13,2
4847,13,2
4848,13,2
4849,13,2
4850,14,1
4851,14,1
4852,14,1
4853,15,0
4854,15,0
4855,15,0
4856,15,0
4857,14,1
4858,14,1
4859,15,0
4860,15,0
4861,15,0
4862,15,0
4863,15,0
4864,14,1
4865,13,2
4866,12,3
4867,12,3
4868,11,4
4869,11,4
4870,11,4
4871,10,5
4872,11,4
4873,12,3
4874,11,4
4875,11,4
4876,11,4
4877,10,5
4878,10,5
4879,10,5
4880,9,6
4881,10,5
4882,10,5
4883,10,5
4884,10,5
4885,10,5
4886,9,6
4887,8,7
4888,8,7
4889,9,6
4890,10,5
4891,10,5
4892,11,4
4893,12,3
4894,12,3
4895,13,2
4896,13,2
4897,13,2
4898,12,3
4899,11,4
4900,11,4
4901,11,4
4902,11,4
4903,11,4
4904,10,5
4905,9,6
4906,9,6
4907,9,6
4908,9,6
4909,9,6
4910,9,6
4911,9,6
4912,10,5
4913,11,4
4914,10,5
4915,10,5
4916,10,5
4917,10,5
4918,10,5
4919,9,6
4920,8,7
4921,7,8
4922,7,8
4923,6,9
4924,6,9
4925,6,9
4926,5,10
4927,4,11
4928,5,10
4929,4,11
4930,3,12
4931,3,12
4932,2,13
4933,1,14
4934,1,14
4935,1,14
4936,0,15
4937,1,14
4938,1,14
4939,1,14
4940,1,14
4941,2,13
4942,2,13
4943,2,13
4944,3,12
4945,3,12
4946,3,12
4947,2,13
4948,2,13
4949,2,13
4950,1,14
4951,0,15
4952,0,15
4953,1,14
4954,1,14
4955,2,13
4956,2,13
4957,2,13
4958,1,14
4959,0,15
4960,1,14
4961,2,13
4962,2,13
4963,2,13
4964,2,13
4965,3,12
4966,4,11
4967,4,11
4968,3,12
4969,3,12
4970,3,12
4971,4,11
4972,4,11
4973,4,11
4974,5,10
4975,5,10
4976,5,10
4977,6,9
4978,5,10
4979,5,10
4980,6,9
4981,5,10
4982,6,9
4983,7,8
4984,8,7
4985,7,8
4986,6,9
4987,6,9
4988,7,8
4989,6,9
4990,6,9
4991,6,9
4992,6,9
4993,5,10
4994,4,11
4995,5,10
4996,4,11
4997,3,12
4998,3,12
4999,3,12
5000,3,12
5001,3,12
5002,3,12
5003,4,11
5004,4,11
5005,4,11
5006,3,12
5007,3,12
5008,4,11
5009,5,10
5010,6,9
5011,6,9
5012,5,10
5013,5,10
5014,5,10
5015,4,11
5016,4,11
5017,4,11
5018,4,11
5019,4,11
5020,4,11
5021,5,10
5022,5,10
5023,5,10
5024,5,10
5025,5,10
5026,5,10
5027,5,10
5028,5,10
5029,5,10
5030,6,9
5031,5,10
5032,5,10
5033,5,10
5034,5,10
5035,4,11
5036,4,11
5037,5,10
5038,4,11
5039,4,11
5040,3,12
5041,3,12
5042,4,11
5043,3,12
5044,4,11
5045,4,11
5046,4,11
5047,5,10
5048,4,11
5049,4,11
5050,3,12
5051,3,12
5052,2,13
5053,1,14
5054,2,13
5055,3,12
5056,4,11
5057,5,10
5058,5,10
5059,5,10
5060,4,11
5061,4,11
5062,5,10
5063,4,11
5064,4,11
5065,4,11
5066,4,11
5067,3,12
5068,2,13
5069,1,14
5070,1,14
5071,2,13
5072,2,13
5073,2,13
5074,2,13
5075,2,13
5076,2,13
5077,2,13
5078,3,12
5079,2,13
5080,3,12
5081,3,12
5082,2,13
5083,2,13
5084,2,13
5085,2,13
5086,1,14
5087,1,14
5088,2,13
5089,2,13
5090,2,13
5091,3,12
5092,3,12
5093,3,12
5094,4,11
5095,3,12
5096,3,12
5097,3,12
5098,2,13
5099,2,13
5100,2,13
5101,1,14
5102,0,15
5103,1,14
5104,0,15
5105,0,15
5106,1,14
5107,2,13
5108,2,13
5109,2,13
5110,2,13
5111,2,13
5112,3,12
5113,3,12
5114,2,13
5115,2,13
5116,1,14
5117,1,14
5118,1,14
5119,0,15
5120,0,15
5121,1,14
5122,2,13
5123,2,13
5124,1,14
5125,0,15
5126,0,15
5127,0,15
5128,0,15
5129,0,15
5130,1,14
5131,0,15
5132,0,15
5133,1,14
5134,0,15
5135,0,15
5136,1,14
5137,1,14
5138,0,15
5139,0,15
5140,0,15
5141,1,14
5142,1,14
5143,0,15
5144,1,14
5145,1,14
5146,1,14
5147,1,14
5148,0,15
5149,0,15
5150,1,14
5151,0,15
5152,0,15
5153,0,15
5154,1,14
5155,0,15
5156,0,15
5157,0,15
5158,0,15
5159,1,14
5160,1,14
5161,2,13
5162,3,12
5163,3,12
5164,3,12
5165,2,13
5166,2,13
5167,2,13
5168,1,14
5169,1,14
5170,2,13
5171,3,12
5172,2,13
5173,1,14
5174,0,15
5175,1,14
5176,1,14
5177,0,15
5178,1,14
5179,2,13
5180,1,14
5181,0,15
5182,1,14
5183,0,15
5184,1,14
5185,1,14
5186,0,15
5187,0,15
5188,0,15
5189,0,15
5190,1,14
5191,0,15
5192,1,14
5193,1,14
5194,0,15
5195,1,14
5196,1,14
5197,2,13
5198,3,12
5199,3,12
5200,2,13
5201,1,14
5202,1,14
5203,2,13
5204,2,13
5205,3,12
5206,3,12
5207,3,12
5208,3,12
5209,2,13
5210,2,13
5211,3,12
5212,4,11
5213,3,12
5214,2,13
5215,1,14
5216,1,14
5217,1,14
5218,1,14
5219,1,14
5220,1,14
5221,1,14
5222,1,14
5223,0,15
5224,1,14
5225,1,14
5226,1,14
5227,1,14
5228,1,14
5229,1,14
5230,2,13
5231,2,13
5232,2,13
5233,2,13
5234,2,13
5235,1,14
5236,0,15
5237,1,14
5238,2,13
5239,1,14
5240,2,13
5241,2,13
5242,2,13
5243,3,12
5244,2,13
5245,3,12
5246,2,13
5247,1,14
5248,1,14
5249,1,14
5250,1,14
5251,1,14
5252,2,13
5253,2,13
5254,1,14
5255,0,15
5256,0,15
5257,0,15
5258,1,14
5259,2,13
5260,1,14
5261,1,14
5262,2,13
5263,2,13
5264,2,13
5265,1,14
5266,2,13
5267,1,14
5268,1,14
5269,1,14
5270,1,14
5271,0,15
5272,0,15
5273,0,15
5274,1,14
5275,1,14
5276,2,13
5277,2,13
5278,2,13
5279,2,13
5280,1,14
5281,2,13
5282,2,13
5283,3,12
5284,4,11
5285,4,11
5286,4,11
5287,3,12
5288,4,11
5289,3,12
5290,3,12
5291,4,11
5292,3,12
5293,3,12
5294,3,12
5295,3,12
5296,2,13
5297,3,12
5298,3,12
5299,2,13
5300,1,14
5301,1,14
5302,2,13
5303,2,13
5304,1,14
5305,0,15
5306,0,15
5307,0,15
5308,1,14
5309,0,15
5310,0,15
5311,1,14
5312,0,15
5313,1,14
5314,1,14
5315,1,14
5316,2,13
5317,1,14
5318,1,14
5319,2,13
5320,3,12
5321,4,11
5322,5,10
5323,4,11
5324,4,11
5325,5,10
5326,4,11
5327,3,12
5328,3,12
5329,2,13
5330,2,13
5331,2,13
5332,3,12
5333,4,11
5334,3,12
5335,3,12
5336,2,13
5337,1,14
5338,1,14
5339,1,14
5340,2,13
5341,2,13
5342,3,12
5343,3,12
5344,3,12
5345,4,11
5346,4,11
5347,5,10
5348,5,10
5349,5,10
5350,6,9
5351,6,9
5352,6,9
5353,5,10
5354,5,10
5355,5,10
5356,4,11
5357,3,12
5358,3,12
5359,3,12
5360,3,12
5361,2,13
5362,2,13
5363,1,14
5364,2,13
5365,2,13
5366,2,13
5367,1,14
5368,0,15
5369,1,14
5370,1,14
5371,1,14
5372,1,14
5373,0,15
5374,0,15
5375,0,15
5376,0,15
5377,0,15
5378,1,14
5379,0,15
5380,1,14
5381,0,15
5382,1,14
5383,1,14
5384,1,14
5385,2,13
5386,1,14
5387,0,15
5388,0,15
5389,0,15
5390,1,14
5391,1,14
5392,0,15
5393,1,14
5394,0,15
5395,0,15
5396,0,15
5397,1,14
5398,1,14
5399,1,14
5400,0,15
5401,0,15
5402,0,15
5403,0,15
5404,1,14
5405,1,14
5406,0,15
5407,0,15
5408,0,15
5409,1,14
5410,1,14
5411,1,14
5412,0,15
5413,0,15
5414,1,14
5415,0,15
5416,1,14
5417,1,14
5418,0,15
5419,1,14
5420,1,14
5421,0,15
5422,0,15
5423,0,15
5424,1,14
5425,1,14
5426,1,14
5427,0,15
5428,0,15
5429,0,15
5430,0,15
5431,0,15
5432,0,15
5433,0,15
5434,0,15
5435,0,15
5436,1,14
5437,2,13
5438,2,13
5439,2,13
5440,2,13
5441,2,13
5442,2,13
5443,3,12
5444,3,12
5445,4,11
5446,5,10
5447,5,10
5448,5,10
5449,4,11
5450,3,12
5451,3,12
5452,4,11
5453,5,10
5454,5,10
5455,5,10
5456,4,11
5457,4,11
5458,4,11
5459,4,11
5460,4,11
5461,4,11
5462,3,12
5463,3,12
5464,3,12
5465,2,13
5466,3,12
5467,4,11
5468,4,11
5469,5,10
5470,5,10
5471,5,10
5472,5,10
5473,4,11
5474,5,10
5475,6,9
5476,7,8
5477,6,9
5478,6,9
5479,5,10
5480,4,11
5481,4,11
5482,3,12
5483,3,12
5484,3,12
5485,4,11
5486,4,11
5487,5,10
5488,4,11
5489,3,12
5490,3,12
5491,3,12
5492,3,12
5493,3,12
5494,3,12
5495,2,13
5496,2,13
5497,1,14
5498,2,13
5499,2,13
5500,1,14
5501,2,13
5502,1,14
5503,1,14
5504,2,13
5505,1,14
5506,1,14
5507,0,15
5508,0,15
5509,1,14
5510,1,14
5511,1,14
5512,0,15
5513,0,15
5514,1,14
5515,1,14
5516,1,14
5517,1,14
5518,0,15
5519,0,15
5520,1,14
5521,1,14
5522,1,14
5523,1,14
5524,0,15
5525,1,14
5526,0,15
5527,0,15
5528,0,15
5529,1,14
5530,2,13
5531,2,13
5532,3,12
5533,3,12
5534,3,12
5535,2,13
5536,3,12
5537,3,12
5538,4,11
5539,4,11
5540,4,11
5541,5,10
5542,5,10
5543,5,10
5544,6,9
5545,5,10
5546,4,11
5547,4,11
5548,3,12
5549,4,11
5550,5,10
5551,5,10
5552,6,9
5553,5,10
5554,6,9
5555,6,9
5556,5,10
5557,5,10
5558,4,11
5559,4,11
5560,4,11
5561,5,10
5562,5,10
5563,5,10
5564,5,10
5565,5,10
5566,5,10
5567,5,10
5568,5,10
5569,5,10
5570,5,10
5571,5,10
5572,6,9
5573,6,9
5574,7,8
5575,6,9
5576,6,9
5577,6,9
5578,6,9
5579,5,10
5580,4,11
5581,4,11
5582,4,11
5583,3,12
5584,3,12
5585,4,11
5586,3,12
5587,3,12
5588,3,12
5589,2,13
5590,3,12
5591,2,13
5592,3,12
5593,3,12
5594,3,12
5595,2,13
5596,3,12
5597,2,13
5598,2,13
5599,2,13
5600,2,13
5601,3,12
5602,2,13
5603,2,13
5604,2,13
5605,1,14
5606,1,14
5607,1,14
5608,1,14
5609,1,14
5610,0,15
5611,0,15
5612,1,14
5613,1,14
5614,0,15
5615,0,15
5616,0,15
5617,0,15
5618,1,14
5619,0,15
5620,1,14
5621,1,14
5622,2,13
5623,2,13
5624,2,13
5625,1,14
5626,0,15
5627,0,15
5628,0,15
5629,0,15
5630,1,14
5631,1,14
5632,1,14
5633,1,14
5634,1,14
5635,1,14
5636,1,14
5637,1,14
5638,0,15
5639,0,15
5640,1,14
5641,1,14
5642,0,15
5643,0,15
5644,0,15
5645,1,14
5646,0,15
5647,0,15
5648,0,15
5649,0,15
5650,0,15
5651,1,14
5652,2,13
5653,2,13
5654,3,12
5655,3,12
5656,3,12
5657,3,12
5658,2,13
5659,1,14
5660,1,14
5661,1,14
5662,0,15
5663,0,15
5664,1,14
5665,1,14
5666,2,13
5667,2,13
5668,2,13
5669,2,13
5670,2,13
5671,1,14
5672,2,13
5673,1,14
5674,1,14
5675,2,13
5676,3,12
5677,3,12
5678,3,12
5679,4,11
5680,4,11
5681,5,10
5682,4,11
5683,4,11
5684,3,12
5685,2,13
5686,3,12
5687,4,11
5688,4,11
5689,4,11
5690,5,10
5691,5,10
5692,4,11
5693,4,11
5694,5,10
5695,5,10
5696,5,10
5697,5,10
5698,4,11
5699,4,11
5700,4,11
5701,4,11
5702,4,11
5703,3,12
5704,2,13
5705,2,13
5706,1,14
5707,2,13
5708,1,14
5709,0,15
5710,0,15
5711,0,15
5712,1,14
5713,0,15
5714,0,15
5715,0,15
5716,1,14
5717,0,15
5718,0,15
5719,0,15
5720,1,14
5721,1,14
5722,1,14
5723,1,14
5724,1,14
5725,0,15
5726,0,15
5727,1,14
5728,1,14
5729,1,14
5730,1,14
5731,2,13
5732,1,14
5733,0,15
5734,0,15
5735,1,14
5736,1,14
5737,2,13
5738,2,13
5739,1,14
5740,2,13
5741,2,13
5742,1,14
5743,1,14
5744,1,14
5745,0,15
5746,0,15
5747,0,15
5748,0,15
5749,1,14
5750,1,14
5751,2,13
5752,2,13
5753,3,12
5754,2,13
5755,3,12
5756,3,12
5757,2,13
5758,1,14
5759,1,14
5760,2,13
5761,2,13
5762,2,13
5763,3,12
5764,3,12
5765,2,13
5766,3,12
5767,3,12
5768,3,12
5769,2,13
5770,3,12
5771,3,12
5772,3,12
5773,4,11
5774,4,11
5775,3,12
5776,3,12
5777,3,12
5778,2,13
5779,2,13
5780,1,14
5781,1,14
5782,2,13
5783,2,13
5784,2,13
5785,2,13
5786,2,13
5787,1,14
5788,1,14
5789,0,15
5790,1,14
5791,0,15
5792,1,14
5793,2,13
5794,3,12
5795,4,11
5796,4,11
5797,4,11
5798,5,10
5799,6,9
5800,5,10
5801,4,11
5802,5,10
5803,5,10
5804,5,10
5805,6,9
5806,5,10
5807,6,9
5808,6,9
5809,7,8
5810,8,7
5811,9,6
5812,8,7
5813,8,7
5814,8,7
5815,9,6
5816,9,6
5817,9,6
5818,10,5
5819,9,6
5820,10,5
5821,9,6
5822,10,5
5823,11,4
5824,11,4
5825,10,5
5826,9,6
5827,10,5
5828,10,5
5829,10,5
5830,10,5
5831,10,5
5832,11,4
5833,12,3
5834,12,3
5835,12,3
5836,12,3
5837,11,4
5838,12,3
5839,12,3
5840,12,3
5841,12,3
5842,12,3
5843,12,3
5844,11,4
5845,11,4
5846,12,3
5847,13,2
5848,12,3
5849,11,4
5850,12,3
5851,12,3
5852,11,4
5853,11,4
5854,10,5
5855,10,5
5856,10,5
5857,11,4
5858,11,4
5859,12,3
5860,13,2
5861,12,3
5862,13,2
5863,13,2
5864,13,2
5865,13,2
5866,13,2
5867,13,2
5868,12,3
5869,12,3
5870,12,3
5871,12,3
5872,13,2
5873,13,2
5874,13,2
5875,12,3
5876,11,4
5877,11,4
5878,11,4
5879,10,5
5880,11,4
5881,12,3
5882,13,2
5883,12,3
5884,11,4
5885,10,5
5886,9,6
5887,9,6
5888,9,6
5889,9,6
5890,8,7
5891,8,7
5892,8,7
5893,7,8
5894,7,8
5895,7,8
5896,8,7
5897,7,8
5898,6,9
5899,6,9
5900,6,9
5901,6,9
5902,5,10
5903,4,11
5904,4,11
5905,3,12
5906,3,12
5907,3,12
5908,4,11
5909,4,11
5910,4,11
5911,5,10
5912,6,9
5913,5,10
5914,4,11
5915,5,10
5916,6,9
5917,6,9
5918,6,9
5919,6,9
5920,6,9
5921,7,8
5922,7,8
5923,6,9
5924,6,9
5925,7,8
5926,8,7
5927,9,6
5928,9,6
5929,9,6
5930,9,6
5931,9,6
5932,9,6
5933,9,6
5934,8,7
5935,8,7
5936,9,6
5937,8,7
5938,8,7
5939,9,6
5940,10,5
5941,10,5
5942,11,4
5943,12,3
5944,12,3
5945,11,4
5946,11,4
5947,11,4
5948,10,5
5949,9,6
5950,9,6
5951,8,7
5952,7,8
5953,8,7
5954,8,7
5955,8,7
5956,8,7
5957,7,8
5958,8,7
5959,8,7
5960,8,7
5961,8,7
5962,8,7
5963,9,6
5964,8,7
5965,7,8
5966,8,7
5967,9,6
5968,8,7
5969,7,8
5970,6,9
5971,7,8
5972,7,8
5973,8,7
5974,7,8
5975,7,8
5976,7,8
5977,6,9
5978,5,10
5979,5,10
5980,4,11
5981,5,10
5982,6,9
5983,6,9
5984,7,8
5985,7,8
5986,6,9
5987,7,8
5988,8,7
5989,7,8
5990,7,8
5991,7,8
5992,7,8
5993,7,8
5994,8,7
5995,7,8
5996,7,8
5997,7,8
5998,8,7
5999,9,6
6000,9,6
6001,9,6
6002,9,6
6003,9,6
6004,8,7
6005,8,7
6006,8,7
6007,7,8
6008,6,9
6009,7,8
6010,7,8
6011,8,7
6012,8,7
6013,8,7
6014,7,8
6015,8,7
6016,7,8
6017,7,8
6018,8,7
6019,9,6
6020,8,7
6021,8,7
6022,8,7
6023,7,8
6024,8,7
6025,9,6
6026,8,7
6027,9,6
6028,10,5
6029,11,4
6030,11,4
6031,11,4
6032,10,5
6033,10,5
6034,10,5
6035,10,5
6036,10,5
6037,9,6
6038,10,5
6039,11,4
6040,12,3
6041,12,3
6042,13,2
6043,13,2
6044,13,2
6045,14,1
6046,14,1
6047,14,1
6048,14,1
6049,15,0
6050,14,1
6051,15,0
6052,14,1
6053,14,1
6054,14,1
6055,15,0
6056,15,0
6057,15,0
6058,15,0
6059,15,0
6060,15,0
6061,15,0
6062,15,0
6063,15,0
6064,15,0
6065,14,1
6066,14,1
6067,15,0
6068,14,1
6069,15,0
6070,15,0
6071,15,0
6072,15,0
6073,14,1
6074,13,2
6075,14,1
6076,15,0
6077,15,0
6078,14,1
6079,15,0
6080,14,1
6081,15,0
6082,15,0
6083,14,1
6084,14,1
6085,14,1
6086,15,0
6087,15,0
6088,14,1
6089,15,0
6090,14,1
6091,14,1
6092,13,2
6093,13,2
6094,13,2
6095,13,2
6096,13,2
6097,13,2
6098,12,3
6099,12,3
6100,12,3
6101,12,3
6102,13,2
6103,13,2
6104,12,3
6105,11,4
6106,10,5
6107,10,5
6108,10,5
6109,10,5
6110,11,4
6111,11,4
6112,11,4
6113,10,5
6114,11,4
6115,12,3
6116,11,4
6117,10,5
6118,9,6
6119,9,6
6120,10,5
6121,9,6
6122,10,5
6123,11,4
6124,12,3
6125,12,3
6126,13,2
6127,13,2
6128,14,1
6129,13,2
6130,13,2
6131,13,2
6132,13,2
6133,13,2
6134,14,1
6135,13,2
6136,13,2
6137,13,2
6138,13,2
6139,14,1
6140,14,1
6141,13,2
6142,12,3
6143,12,3
6144,12,3
6145,11,4
6146,12,3
6147,12,3
6148,12,3
6149,13,2
6150,14,1
6151,14,1
6152,13,2
6153,13,2
6154,14,1
6155,14,1
6156,13,2
6157,14,1
6158,15,0
6159,15,0
6160,14,1
6161,14,1
6162,14,1
6163,15,0
6164,15,0
6165,14,1
6166,14,1
6167,15,0
6168,14,1
6169,14,1
6170,14,1
6171,14,1
6172,14,1
6173,14,1
6174,14,1
6175,14,1
6176,14,1
6177,15,0
6178,15,0
6179,15,0
6180,14,1
6181,14,1
6182,13,2
6183,14,1
6184,13,2
6185,14,1
6186,15,0
6187,14,1
6188,14,1
6189,15,0
6190,15,0
6191,15,0
6192,15,0
6193,15,0
6194,15,0
6195,15,0
6196,15,0
6197,15,0
6198,14,1
6199,14,1
6200,14,1
6201,13,2
6202,13,2
6203,13,2
6204,12,3
6205,12,3
6206,12,3
6207,13,2
6208,13,2
6209,13,2
6210,14,1
6211,14,1
6212,14,1
6213,13,2
6214,14,1
6215,14,1
6216,14,1
6217,15,0
6218,15,0
6219,15,0
6220,15,0
6221,15,0
6222,15,0
6223,15,0
6224,15,0
6225,15,0
6226,14,1
6227,15,0
6228,15,0
6229,14,1
6230,14,1
6231,14,1
6232,15,0
6233,14,1
6234,13,2
6235,13,2
6236,13,2
6237,13,2
6238,13,2
6239,13,2
6240,13,2
6241,14,1
6242,14,1
6243,15,0
6244,15,0
6245,15,0
6246,15,0
6247,14,1
6248,13,2
6249,13,2
6250,13,2
6251,14,1
6252,14,1
6253,13,2
6254,12,3
6255,12,3
6256,12,3
6257,13,2
6258,13,2
6259,13,2
6260,13,2
6261,14,1
6262,15,0
6263,15,0
6264,15,0
6265,15,0
6266,14,1
6267,14,1
6268,13,2
6269,13,2
6270,12,3
6271,11,4
6272,12,3
6273,12,3
6274,11,4
6275,11,4
6276,12,3
6277,13,2
6278,13,2
6279,13,2
6280,14,1
6281,14,1
6282,14,1
6283,14,1
6284,14,1
6285,14,1
6286,14,1
6287,14,1
6288,14,1
6289,13,2
6290,13,2
6291,13,2
6292,14,1
6293,13,2
6294,14,1
6295,14,1
6296,14,1
6297,15,0
6298,15,0
6299,15,0
6300,15,0
6301,15,0
6302,15,0
6303,15,0
6304,15,0
6305,15,0
6306,14,1
6307,14,1
6308,14,1
6309,14,1
6310,15,0
6311,15,0
6312,15,0
6313,15,0
6314,15,0
6315,14,1
6316,14,1
6317,14,1
6318,14,1
6319,14,1
6320,14,1
6321,14,1
6322,14,1
6323,13,2
6324,12,3
6325,12,3
6326,12,3
6327,13,2
6328,14,1
6329,14,1
6330,14,1
6331,14,1
6332,14,1
6333,14,1
6334,14,1
6335,13,2
6336,14,1
6337,13,2
6338,13,2
6339,13,2
6340,14,1
6341,14,1
6342,13,2
6343,13,2
6344,13,2
6345,13,2
6346,13,2
6347,13,2
6348,13,2
6349,12,3
6350,12,3
6351,12,3
6352,13,2
6353,13,2
6354,13,2
6355,14,1
6356,15,0
6357,15,0
6358,15,0
6359,15,0
6360,14,1
6361,14,1
6362,14,1
6363,14,1
6364,13,2
6365,13,2
6366,12,3
6367,13,2
6368,13,2
6369,13,2
6370,14,1
6371,15,0
6372,15,0
6373,15,0
6374,15,0
6375,14,1
6376,14,1
6377,13,2
6378,13,2
6379,12,3
6380,12,3
6381,13,2
6382,14,1
6383,14,1
6384,14,1
6385,13,2
6386,13,2
6387,13,2
6388,12,3
6389,12,3
6390,11,4
6391,12,3
6392,11,4
6393,11,4
6394,10,5
6395,11,4
6396,11,4
6397,11,4
6398,11,4
6399,11,4
6400,11,4
6401,12,3
6402,12,3
6403,12,3
6404,11,4
6405,12,3
6406,12,3
6407,12,3
6408,13,2
6409,12,3
6410,12,3
6411,13,2
6412,12,3
6413,11,4
6414,12,3
6415,12,3
6416,12,3
6417,12,3
6418,11,4
6419,11,4
6420,11,4
6421,12,3
6422,12,3
6423,12,3
6424,11,4
6425,11,4
6426,11,4
6427,10,5
6428,10,5
6429,11,4
6430,10,5
6431,10,5
6432,11,4
6433,12,3
6434,12,3
6435,11,4
6436,11,4
6437,11,4
6438,11,4
6439,10,5
6440,11,4
6441,12,3
6442,12,3
6443,11,4
6444,11,4
6445,11,4
6446,10,5
6447,10,5
6448,10,5
6449,9,6
6450,9,6
6451,9,6
6452,9,6
6453,8,7
6454,7,8
6455,8,7
6456,9,6
6457,10,5
6458,10,5
6459,9,6
6460,10,5
6461,10,5
6462,10,5
6463,9,6
6464,8,7
6465,8,7
6466,9,6
6467,9,6
6468,10,5
6469,10,5
6470,10,5
6471,11,4
6472,11,4
6473,11,4
6474,11,4
6475,11,4
6476,11,4
6477,12,3
6478,13,2
6479,12,3
6480,12,3
6481,11,4
6482,10,5
6483,9,6
6484,9,6
6485,9,6
6486,10,5
6487,11,4
6488,10,5
6489,9,6
6490,10,5
6491,10,5
6492,10,5
6493,11,4
6494,10,5
6495,10,5
6496,10,5
6497,9,6
6498,8,7
6499,7,8
6500,7,8
6501,7,8
6502,7,8
6503,8,7
6504,8,7
6505,7,8
6506,8,7
6507,8,7
6508,7,8
6509,6,9
6510,6,9
6511,5,10
6512,6,9
6513,6,9
6514,6,9
6515,6,9
6516,5,10
6517,6,9
6518,5,10
6519,5,10
6520,4,11
6521,4,11
6522,3,12
6523,3,12
6524,3,12
6525,3,12
6526,4,11
6527,5,10
6528,6,9
6529,5,10
6530,6,9
6531,6,9
6532,7,8
6533,8,7
6534,8,7
6535,9,6
6536,9,6
6537,9,6
6538,9,6
6539,9,6
6540,9,6
6541,9,6
6542,10,5
6543,10,5
6544,10,5
6545,11,4
6546,10,5
6547,10,5
6548,11,4
6549,12,3
6550,12,3
6551,13,2
6552,12,3
6553,11,4
6554,11,4
6555,11,4
6556,11,4
6557,12,3
6558,11,4
6559,11,4
6560,11,4
6561,12,3
6562,13,2
6563,12,3
6564,12,3
6565,12,3
6566,12,3
6567,12,3
6568,13,2
6569,13,2
6570,14,1
6571,13,2
6572,14,1
6573,14,1
6574,14,1
6575,14,1
6576,14,1
6577,14,1
6578,13,2
6579,14,1
6580,13,2
6581,13,2
6582,13,2
6583,14,1
6584,15,0
6585,15,0
6586,15,0
6587,15,0
6588,14,1
6589,13,2
6590,12,3
6591,13,2
6592,13,2
6593,13,2
6594,12,3
6595,12,3
6596,12,3
6597,13,2
6598,13,2
6599,14,1
6600,14,1
6601,15,0
6602,15,0
6603,15,0
6604,15,0
6605,14,1
6606,14,1
6607,14,1
6608,15,0
6609,15,0
6610,15,0
6611,14,1
6612,13,2
6613,13,2
6614,12,3
6615,11,4
6616,10,5
6617,10,5
6618,10,5
6619,10,5
6620,10,5
6621,9,6
6622,9,6
6623,9,6
6624,9,6
6625,8,7
6626,8,7
6627,7,8
6628,7,8
6629,7,8
6630,7,8
6631,7,8
6632,7,8
6633,7,8
6634,7,8
6635,8,7
6636,8,7
6637,8,7
6638,8,7
6639,8,7
6640,8,7
6641,8,7
6642,7,8
6643,8,7
6644,7,8
6645,8,7
6646,8,7
6647,9,6
6648,9,6
6649,10,5
6650,10,5
6651,9,6
6652,8,7
6653,9,6
6654,10,5
6655,9,6
6656,10,5
6657,10,5
6658,11,4
6659,10,5
6660,10,5
6661,9,6
6662,9,6
6663,8,7
6664,9,6
6665,10,5
6666,10,5
6667,11,4
6668,10,5
6669,9,6
6670,9,6
6671,8,7
6672,8,7
6673,9,6
6674,8,7
6675,7,8
6676,8,7
6677,7,8
6678,6,9
6679,6,9
6680,6,9
6681,6,9
6682,5,10
6683,4,11
6684,4,11
6685,3,12
6686,3,12
6687,2,13
6688,2,13
6689,2,13
6690,1,14
6691,1,14
6692,2,13
6693,1,14
6694,1,14
6695,0,15
6696,1,14
6697,0,15
6698,1,14
6699,0,15
6700,1,14
6701,0,15
6702,1,14
6703,0,15
6704,0,15
6705,1,14
6706,1,14
6707,1,14
6708,1,14
6709,0,15
6710,1,14
6711,0,15
6712,1,14
6713,1,14
6714,1,14
6715,2,13
6716,2,13
6717,1,14
6718,0,15
6719,1,14
6720,0,15
6721,0,15
6722,0,15
6723,1,14
6724,2,13
6725,2,13
6726,1,14
6727,1,14
6728,1,14
6729,1,14
6730,1,14
6731,1,14
6732,0,15
6733,0,15
6734,0,15
6735,1,14
6736,1,14
6737,2,13
6738,3,12
6739,3,12
6740,3,12
6741,4,11
6742,4,11
6743,4,11
6744,4,11
6745,5,10
6746,5,10
6747,5,10
6748,5,10
6749,4,11
6750,4,11
6751,4,11
6752,4,11
6753,5,10
6754,6,9
6755,6,9
6756,5,10
6757,5,10
6758,4,11
6759,4,11
6760,3,12
6761,2,13
6762,2,13
6763,2,13
6764,2,13
6765,2,13
6766,2,13
6767,3,12
6768,2,13
6769,2,13
6770,1,14
6771,0,15
6772,1,14
6773,2,13
6774,3,12
6775,3,12
6776,3,12
6777,4,11
6778,4,11
6779,4,11
6780,4,11
6781,3,12
6782,4,11
6783,5,10
6784,4,11
6785,4,11
6786,3,12
6787,3,12
6788,4,11
6789,4,11
6790,4,11
6791,4,11
6792,3,12
6793,3,12
6794,3,12
6795,4,11
6796,5,10
6797,4,11
6798,5,10
6799,4,11
6800,5,10
6801,5,10
6802,6,9
6803,7,8
6804,7,8
6805,8,7
6806,9,6
6807,9,6
6808,9,6
6809,10,5
6810,10,5
6811,11,4
6812,10,5
6813,10,5
6814,10,5
6815,11,4
6816,11,4
6817,11,4
6818,11,4
6819,12,3
6820,11,4
6821,10,5
6822,10,5
6823,10,5
6824,9,6
6825,10,5
6826,10,5
6827,9,6
6828,9,6
6829,9,6
6830,8,7
6831,9,6
6832,9,6
6833,9,6
6834,8,7
6835,8,7
6836,8,7
6837,8,7
6838,7,8
6839,7,8
6840,8,7
6841,8,7
6842,9,6
6843,8,7
6844,7,8
6845,7,8
6846,6,9
6847,6,9
6848,7,8
6849,6,9
6850,7,8
6851,7,8
6852,6,9
6853,5,10
6854,6,9
6855,7,8
6856,8,7
6857,9,6
6858,9,6
6859,10,5
6860,9,6
6861,8,7
6862,9,6
6863,9,6
6864,8,7
6865,9,6
6866,9,6
6867,9,6
6868,9,6
6869,9,6
6870,9,6
6871,9,6
6872,9,6
6873,9,6
6874,10,5
6875,9,6
6876,9,6
6877,9,6
6878,9,6
6879,8,7
6880,9,6
6881,9,6
6882,8,7
6883,7,8
6884,8,7
6885,8,7
6886,8,7
6887,8,7
6888,9,6
6889,8,7
6890,7,8
6891,7,8
6892,8,7
6893,7,8
6894,8,7
6895,7,8
6896,6,9
6897,6,9
6898,6,9
6899,5,10
6900,5,10
6901,5,10
6902,5,10
6903,6,9
6904,6,9
6905,5,10
6906,5,10
6907,4,11
6908,3,12
6909,3,12
6910,3,12
6911,2,13
6912,1,14
6913,1,14
6914,2,13
6915,2,13
6916,1,14
6917,0,15
6918,1,14
6919,1,14
6920,0,15
6921,0,15
6922,0,15
6923,0,15
6924,0,15
6925,0,15
6926,1,14
6927,1,14
6928,2,13
6929,2,13
6930,2,13
6931,2,13
6932,1,14
6933,0,15
6934,0,15
6935,1,14
6936,2,13
6937,1,14
6938,1,14
6939,0,15
6940,0,15
6941,1,14
6942,2,13
6943,2,13
6944,3,12
6945,2,13
6946,2,13
6947,2,13
6948,2,13
6949,3,12
6950,2,13
6951,2,13
6952,2,13
6953,3,12
6954,2,13
6955,1,14
6956,1,14
6957,1,14
6958,2,13
6959,2,13
6960,3,12
6961,2,13
6962,1,14
6963,1,14
6964,0,15
6965,1,14
6966,0,15
6967,0,15
6968,0,15
6969,0,15
6970,1,14
6971,2,13
6972,1,14
6973,0,15
6974,1,14
6975,1,14
6976,0,15
6977,0,15
6978,0,15
6979,0,15
6980,1,14
6981,0,15
6982,0,15
6983,1,14
6984,0,15
6985,1,14
6986,1,14
6987,1,14
6988,1,14
6989,1,14
6990,1,14
6991,0,15
6992,1,14
6993,1,14
6994,0,15
6995,1,14
6996,2,13
6997,2,13
6998,2,13
6999,2,13
7000,2,13
7001,2,13
7002,3,12
7003,3,12
7004,4,11
7005,4,11
7006,5,10
7007,5,10
7008,5,10
7009,6,9
7010,6,9
7011,5,10
7012,4,11
7013,4,11
7014,5,10
7015,5,10
7016,5,10
7017,4,11
7018,5,10
7019,6,9
7020,6,9
7021,5,10
7022,6,9
7023,6,9
7024,5,10
7025,4,11
7026,4,11
7027,4,11
7028,4,11
7029,4,11
7030,3,12
7031,4,11
7032,4,11
7033,5,10
7034,5,10
7035,4,11
7036,3,12
7037,2,13
7038,2,13
7039,2,13
7040,1,14
7041,2,13
7042,2,13
7043,2,13
7044,3,12
7045,3,12
7046,4,11
7047,3,12
7048,3,12
7049,3,12
7050,2,13
7051,2,13
7052,1,14
7053,1,14
7054,1,14
7055,1,14
7056,0,15
7057,0,15
7058,0,15
7059,0,15
7060,0,15
7061,0,15
7062,0,15
7063,0,15
7064,0,15
7065,1,14
7066,1,14
7067,0,15
7068,1,14
7069,0,15
7070,0,15
7071,0,15
7072,1,14
7073,1,14
7074,1,14
7075,2,13
7076,1,14
7077,0,15
7078,1,14
7079,1,14
7080,0,15
7081,1,14
7082,2,13
7083,2,13
7084,2,13
7085,3,12
7086,3,12
7087,2,13
7088,1,14
7089,1,14
7090,1,14
7091,2,13
7092,3,12
7093,2,13
7094,1,14
7095,1,14
7096,0,15
7097,0,15
7098,1,14
7099,1,14
7100,2,13
7101,2,13
7102,2,13
7103,2,13
7104,2,13
7105,1,14
7106,2,13
7107,2,13
7108,1,14
7109,2,13
7110,2,13
7111,3,12
7112,2,13
7113,3,12
7114,2,13
7115,3,12
7116,2,13
7117,1,14
7118,1,14
7119,1,14
7120,1,14
7121,1,14
7122,2,13
7123,1,14
7124,1,14
7125,1,14
7126,0,15
7127,1,14
7128,0,15
7129,0,15
7130,1,14
7131,0,15
7132,0,15
7133,0,15
7134,1,14
7135,1,14
7136,1,14
7137,1,14
7138,2,13
7139,3,12
7140,2,13
7141,1,14
7142,2,13
7143,2,13
7144,3,12
7145,3,12
7146,4,11
7147,3,12
7148,3,12
7149,3,12
7150,4,11
7151,3,12
7152,2,13
7153,3,12
7154,3,12
7155,2,13
7156,1,14
7157,0,15
7158,0,15
7159,0,15
7160,1,14
7161,0,15
7162,0,15
7163,0,15
7164,0,15
7165,1,14
7166,1,14
7167,1,14
7168,1,14
7169,1,14
7170,1,14
7171,2,13
7172,1,14
7173,1,14
7174,1,14
7175,0,15
7176,1,14
7177,1,14
7178,1,14
7179,1,14
7180,1,14
7181,1,14
7182,2,13
7183,3,12
7184,2,13
7185,3,12
7186,3,12
7187,4,11
7188,4,11
7189,4,11
7190,3,12
7191,3,12
7192,3,12
7193,4,11
7194,4,11
7195,4,11
7196,3,12
7197,2,13
7198,3,12
7199,3,12
7200,3,12
7201,3,12
7202,4,11
7203,4,11
7204,4,11
7205,5,10
7206,5,10
7207,5,10
7208,4,11
7209,4,11
7210,4,11
7211,3,12
7212,2,13
7213,1,14
7214,1,14
7215,0,15
7216,0,15
7217,1,14
7218,1,14
7219,1,14
7220,1,14
7221,1,14
7222,1,14
7223,0,15
7224,0,15
7225,0,15
7226,1,14
7227,1,14
7228,2,13
7229,2,13
7230,2,13
7231,2,13
7232,2,13
7233,3,12
7234,3,12
7235,3,12
7236,3,12
7237,2,13
7238,2,13
7239,1,14
7240,2,13
7241,3,12
7242,3,12
7243,3,12
7244,3,12
7245,2,13
7246,2,13
7247,2,13
7248,1,14
7249,2,13
7250,2,13
7251,2,13
7252,2,13
7253,3,12
7254,2,13
7255,3,12
7256,3,12
7257,2,13
7258,1,14
7259,0,15
7260,1,14
7261,0,15
7262,1,14
7263,1,14
7264,1,14
7265,1,14
7266,1,14
7267,2,13
7268,1,14
7269,1,14
7270,0,15
7271,0,15
7272,1,14
7273,2,13
7274,2,13
7275,2,13
7276,2,13
7277,3,12
7278,4,11
7279,4,11
7280,5,10
7281,5,10
7282,5,10
7283,6,9
7284,6,9
7285,5,10
7286,5,10
7287,5,10
7288,5,10
7289,5,10
7290,5,10
7291,5,10
7292,4,11
7293,3,12
7294,3,12
7295,3,12
7296,2,13
7297,3,12
7298,2,13
7299,2,13
7300,2,13
7301,3,12
7302,4,11
7303,4,11
7304,5,10
7305,4,11
7306,3,12
7307,2,13
7308,3,12
7309,2,13
7310,2,13
7311,3,12
7312,4,11
7313,4,11
7314,5,10
7315,5,10
7316,5,10
7317,6,9
7318,6,9
7319,7,8
7320,8,7
7321,7,8
7322,8,7
7323,9,6
7324,9,6
7325,9,6
7326,9,6
7327,8,7
7328,8,7
7329,8,7
7330,8,7
7331,8,7
7332,8,7
7333,7,8
7334,8,7
7335,9,6
7336,9,6
7337,9,6
7338,10,5
7339,10,5
7340,10,5
7341,11,4
7342,10,5
7343,11,4
7344,11,4
7345,11,4
7346,11,4
7347,10,5
7348,10,5
7349,10,5
7350,11,4
7351,12,3
7352,12,3
7353,12,3
7354,13,2
7355,14,1
7356,15,0
7357,15,0
7358,14,1
7359,14,1
7360,14,1
7361,14,1
7362,14,1
7363,14,1
7364,14,1
7365,14,1
7366,14,1
7367,15,0
7368,15,0
7369,15,0
7370,15,0
7371,15,0
7372,15,0
7373,15,0
7374,14,1
7375,13,2
7376,14,1
7377,14,1
7378,13,2
7379,13,2
7380,13,2
7381,12,3
7382,12,3
7383,11,4
7384,11,4
7385,12,3
7386,12,3
7387,12,3
7388,11,4
7389,11,4
7390,11,4
7391,11,4
7392,11,4
7393,11,4
7394,11,4
7395,10,5
7396,9,6
7397,10,5
7398,11,4
7399,11,4
7400,10,5
7401,10,5
7402,9,6
7403,9,6
7404,10,5
7405,11,4
7406,11,4
7407,12,3
7408,13,2
7409,13,2
7410,13,2
7411,14,1
7412,14,1
7413,14,1
7414,14,1
7415,14,1
7416,13,2
7417,14,1
7418,14,1
7419,15,0
7420,15,0
7421,15,0
7422,15,0
7423,15,0
7424,15,0
7425,14,1
7426,14,1
7427,14,1
7428,14,1
7429,13,2
7430,12,3
7431,12,3
7432,11,4
7433,11,4
7434,10,5
7435,9,6
7436,9,6
7437,9,6
7438,9,6
7439,9,6
7440,10,5
7441,9,6
7442,9,6
7443,9,6
7444,9,6
7445,9,6
7446,9,6
7447,8,7
7448,8,7
7449,7,8
7450,7,8
7451,7,8
7452,8,7
7453,7,8
7454,7,8
7455,7,8
7456,8,7
7457,8,7
7458,9,6
7459,8,7
7460,8,7
7461,8,7
7462,8,7
7463,9,6
7464,9,6
7465,9,6
7466,8,7
7467,9,6
7468,9,6
7469,10,5
7470,11,4
7471,11,4
7472,12,3
7473,13,2
7474,13,2
7475,13,2
7476,14,1
7477,14,1
7478,13,2
7479,14,1
7480,13,2
7481,13,2
7482,13,2
7483,12,3
7484,11,4
7485,10,5
7486,9,6
7487,9,6
7488,10,5
7489,10,5
7490,9,6
7491,8,7
7492,8,7
7493,8,7
7494,8,7
7495,7,8
7496,8,7
7497,7,8
7498,6,9
7499,5,10
7500,4,11
7501,4,11
7502,4,11
7503,4,11
7504,4,11
7505,4,11
7506,4,11
7507,4,11
7508,4,11
7509,4,11
7510,4,11
7511,4,11
7512,3,12
7513,2,13
7514,3,12
7515,3,12
7516,4,11
7517,4,11
7518,4,11
7519,4,11
7520,3,12
7521,3,12
7522,3,12
7523,3,12
7524,2,13
7525,3,12
7526,2,13
7527,1,14
7528,1,14
7529,2,13
7530,1,14
7531,0,15
7532,0,15
7533,1,14
7534,1,14
7535,1,14
7536,0,15
7537,0,15
7538,0,15
7539,0,15
7540,1,14
7541,2,13
7542,3,12
7543,4,11
7544,3,12
7545,4,11
7546,5,10
7547,6,9
7548,6,9
7549,6,9
7550,6,9
7551,6,9
7552,5,10
7553,4,11
7554,4,11
7555,3,12
7556,3,12
7557,3,12
7558,3,12
7559,3,12
7560,4,11
7561,4,11
7562,4,11
7563,4,11
7564,4,11
7565,4,11
7566,5,10
7567,5,10
7568,6,9
7569,7,8
7570,6,9
7571,6,9
7572,7,8
7573,6,9
7574,6,9
7575,6,9
7576,7,8
7577,8,7
7578,7,8
7579,6,9
7580,6,9
7581,6,9
7582,5,10
7583,5,10
7584,6,9
7585,7,8
7586,6,9
7587,5,10
7588,6,9
7589,7,8
7590,8,7
7591,8,7
7592,7,8
7593,7,8
7594,7,8
7595,7,8
7596,6,9
7597,7,8
7598,7,8
7599,7,8
7600,8,7
7601,7,8
7602,8,7
7603,9,6
7604,10,5
7605,10,5
7606,9,6
7607,9,6
7608,9,6
7609,9,6
7610,8,7
7611,8,7
7612,7,8
7613,8,7
7614,8,7
7615,8,7
7616,8,7
7617,8,7
7618,9,6
7619,8,7
7620,8,7
7621,8,7
7622,7,8
7623,7,8
7624,7,8
7625,7,8
7626,7,8
7627,7,8
7628,6,9
7629,6,9
7630,6,9
7631,7,8
7632,7,8
7633,8,7
7634,9,6
7635,9,6
7636,9,6
7637,8,7
7638,8,7
7639,7,8
7640,7,8
7641,7,8
7642,6,9
7643,6,9
7644,7,8
7645,7,8
7646,7,8
7647,6,9
7648,5,10
7649,5,10
7650,5,10
7651,5,10
7652,4,11
7653,5,10
7654,5,10
7655,5,10
7656,5,10
7657,6,9
7658,6,9
7659,7,8
7660,6,9
7661,6,9
7662,7,8
7663,8,7
7664,8,7
7665,8,7
7666,7,8
7667,7,8
7668,8,7
7669,7,8
7670,8,7
7671,8,7
7672,8,7
7673,9,6
7674,9,6
7675,10,5
7676,11,4
7677,10,5
7678,10,5
7679,10,5
7680,11,4
7681,12,3
7682,12,3
7683,11,4
7684,11,4
7685,12,3
7686,11,4
7687,11,4
7688,10,5
7689,10,5
7690,10,5
7691,10,5
7692,10,5
7693,10,5
7694,10,5
7695,10,5
7696,9,6
7697,8,7
7698,8,7
7699,8,7
7700,8,7
7701,9,6
7702,10,5
7703,10,5
7704,10,5
7705,9,6
7706,8,7
7707,9,6
7708,9,6
7709,9,6
7710,8,7
7711,8,7
7712,9,6
7713,9,6
7714,9,6
7715,10,5
7716,10,5
7717,9,6
7718,9,6
7719,9,6
7720,8,7
7721,7,8
7722,8,7
7723,8,7
7724,9,6
7725,8,7
7726,8,7
7727,8,7
7728,8,7
7729,8,7
7730,8,7
7731,8,7
7732,8,7
7733,7,8
7734,7,8
7735,8,7
7736,8,7
7737,8,7
7738,8,7
7739,9,6
7740,9,6
7741,9,6
7742,8,7
7743,8,7
7744,7,8
7745,7,8
7746,6,9
7747,5,10
7748,4,11
7749,4,11
7750,5,10
7751,5,10
7752,4,11
7753,4,11
7754,5,10
7755,5,10
7756,4,11
7757,3,12
7758,2,13
7759,2,13
7760,2,13
7761,3,12
7762,3,12
7763,2,13
7764,3,12
7765,3,12
7766,3,12
7767,4,11
7768,4,11
7769,5,10
7770,6,9
7771,7,8
7772,7,8
7773,8,7
7774,8,7
7775,8,7
7776,7,8
7777,7,8
7778,8,7
7779,7,8
7780,8,7
7781,9,6
7782,9,6
7783,8,7
7784,7,8
7785,7,8
7786,8,7
7787,9,6
7788,9,6
7789,8,7
7790,8,7
7791,7,8
7792,7,8
7793,8,7
7794,7,8
7795,7,8
7796,6,9
7797,7,8
7798,7,8
7799,6,9
7800,7,8
7801,8,7
7802,7,8
7803,7,8
7804,7,8
7805,6,9
7806,7,8
7807,6,9
7808,6,9
7809,6,9
7810,6,9
7811,7,8
7812,7,8
7813,6,9
7814,6,9
7815,7,8
7816,6,9
7817,6,9
7818,6,9
7819,6,9
7820,5,10
7821,5,10
7822,5,10
7823,4,11
7824,3,12
7825,3,12
7826,3,12
7827,3,12
7828,3,12
7829,2,13
7830,2,13
7831,1,14
7832,0,15
7833,0,15
7834,1,14
7835,0,15
7836,0,15
7837,0,15
7838,0,15
7839,0,15
7840,0,15
7841,1,14
7842,1,14
7843,2,13
7844,3,12
7845,4,11
7846,5,10
7847,6,9
7848,7,8
7849,6,9
7850,6,9
7851,6,9
7852,6,9
7853,5,10
7854,4,11
7855,3,12
7856,3,12
7857,2,13
7858,3,12
7859,4,11
7860,5,10
7861,6,9
7862,5,10
7863,4,11
7864,4,11
7865,5,10
7866,5,10
7867,5,10
7868,6,9
7869,7,8
7870,7,8
7871,7,8
7872,6,9
7873,6,9
7874,6,9
7875,6,9
7876,7,8
7877,6,9
7878,7,8
7879,7,8
7880,6,9
7881,7,8
7882,8,7
7883,7,8
7884,8,7
7885,8,7
7886,8,7
7887,8,7
7888,9,6
7889,9,6
7890,8,7
7891,9,6
7892,10,5
7893,10,5
7894,10,5
7895,10,5
7896,10,5
7897,10,5
7898,10,5
7899,10,5
7900,10,5
7901,10,5
7902,10,5
7903,11,4
7904,10,5
7905,9,6
7906,8,7
7907,9,6
7908,10,5
7909,10,5
7910,11,4
7911,10,5
7912,9,6
7913,9,6
7914,9,6
7915,8,7
7916,8,7
7917,7,8
7918,8,7
7919,8,7
7920,8,7
7921,7,8
7922,7,8
7923,7,8
7924,8,7
7925,8,7
7926,7,8
7927,7,8
7928,8,7
7929,8,7
7930,7,8
7931,7,8
7932,7,8
7933,7,8
7934,8,7
7935,8,7
7936,9,6
7937,10,5
7938,9,6
7939,10,5
7940,9,6
7941,10,5
7942,11,4
7943,11,4
7944,10,5
7945,10,5
7946,9,6
7947,9,6
7948,8,7
7949,8,7
7950,8,7
7951,9,6
7952,9,6
7953,8,7
7954,8,7
7955,9,6
7956,8,7
7957,7,8
7958,7,8
7959,8,7
7960,8,7
7961,7,8
7962,7,8
7963,8,7
7964,8,7
7965,8,7
7966,9,6
7967,8,7
7968,8,7
7969,8,7
7970,8,7
7971,7,8
7972,7,8
7973,7,8
7974,7,8
7975,7,8
7976,7,8
7977,7,8
7978,7,8
7979,7,8
7980,8,7
7981,8,7
7982,8,7
7983,7,8
7984,7,8
7985,8,7
7986,8,7
7987,8,7
7988,7,8
7989,7,8
7990,6,9
7991,7,8
7992,6,9
7993,5,10
7994,4,11
7995,4,11
7996,4,11
7997,5,10
7998,5,10
7999,5,10
8000,5,10
8001,4,11
8002,3,12
8003,2,13
8004,2,13
8005,1,14
8006,1,14
8007,2,13
8008,2,13
8009,2,13
8010,3,12
8011,3,12
8012,3,12
8013,3,12
8014,3,12
8015,4,11
8016,5,10
8017,4,11
8018,5,10
8019,6,9
8020,7,8
8021,8,7
8022,7,8
8023,7,8
8024,7,8
8025,6,9
8026,6,9
8027,6,9
8028,6,9
8029,6,9
8030,6,9
8031,7,8
8032,8,7
8033,8,7
8034,8,7
8035,8,7
8036,9,6
8037,8,7
8038,8,7
8039,8,7
8040,8,7
8041,8,7
8042,7,8
8043,6,9
8044,6,9
8045,6,9
8046,5,10
8047,4,11
8048,5,10
8049,4,11
8050,3,12
8051,3,12
8052,2,13
8053,2,13
8054,2,13
8055,1,14
8056,1,14
8057,1,14
8058,2,13
8059,1,14
8060,0,15
8061,0,15
8062,0,15
8063,1,14
8064,0,15
8065,0,15
8066,1,14
8067,2,13
8068,2,13
8069,3,12
8070,3,12
8071,2,13
8072,1,14
8073,1,14
8074,1,14
8075,1,14
8076,1,14
8077,1,14
8078,1,14
8079,2,13
8080,2,13
8081,3,12
8082,3,12
8083,3,12
8084,3,12
8085,4,11
8086,4,11
8087,5,10
8088,5,10
8089,5,10
8090,6,9
8091,6,9
8092,5,10
8093,5,10
8094,5,10
8095,5,10
8096,4,11
8097,5,10
8098,5,10
8099,5,10
8100,5,10
8101,5,10
8102,4,11
8103,4,11
8104,3,12
8105,3,12
8106,3,12
8107,3,12
8108,3,12
8109,3,12
8110,4,11
8111,3,12
8112,3,12
8113,3,12
8114,2,13
8115,1,14
8116,2,13
8117,2,13
8118,2,13
8119,2,13
8120,1,14
8121,0,15
8122,0,15
8123,0,15
8124,0,15
8125,1,14
8126,2,13
8127,1,14
8128,1,14
8129,2,13
8130,2,13
8131,2,13
8132,2,13
8133,1,14
8134,0,15
8135,1,14
8136,1,14
8137,1,14
8138,0,15
8139,1,14
8140,0,15
8141,1,14
8142,2,13
8143,3,12
8144,3,12
8145,2,13
8146,2,13
8147,2,13
8148,2,13
8149,2,13
8150,2,13
8151,2,13
8152,1,14
8153,1,14
8154,1,14
8155,1,14
8156,1,14
8157,0,15
8158,0,15
8159,0,15
8160,1,14
8161,1,14
8162,2,13
8163,2,13
8164,3,12
8165,2,13
8166,2,13
8167,1,14
8168,1,14
8169,2,13
8170,2,13
8171,3,12
8172,4,11
8173,4,11
8174,3,12
8175,4,11
8176,5,10
8177,5,10
8178,5,10
8179,6,9
8180,6,9
8181,7,8
8182,7,8
8183,7,8
8184,7,8
8185,7,8
8186,7,8
8187,7,8
8188,6,9
8189,5,10
8190,4,11
8191,4,11
8192,4,11
8193,5,10
8194,6,9
8195,6,9
8196,6,9
8197,7,8
8198,6,9
8199,6,9
8200,6,9
8201,6,9
8202,6,9
8203,5,10
8204,5,10
8205,4,11
8206,3,12
8207,2,13
8208,2,13
8209,1,14
8210,2,13
8211,1,14
8212,0,15
8213,1,14
8214,2,13
8215,3,12
8216,3,12
8217,3,12
8218,3,12
8219,4,11
8220,4,11
8221,4,11
8222,4,11
8223,4,11
8224,3,12
8225,3,12
8226,2,13
8227,2,13
8228,3,12
8229,3,12
8230,2,13
8231,1,14
8232,1,14
8233,1,14
8234,1,14
8235,1,14
8236,2,13
8237,1,14
8238,2,13
8239,2,13
8240,2,13
8241,3,12
8242,3,12
8243,2,13
8244,2,13
8245,1,14
8246,1,14
8247,1,14
8248,2,13
8249,3,12
8250,2,13
8251,2,13
8252,2,13
8253,1,14
8254,1,14
8255,1,14
8256,1,14
8257,1,14
8258,1,14
8259,1,14
8260,1,14
8261,2,13
8262,2,13
8263,2,13
8264,2,13
8265,1,14
8266,1,14
8267,1,14
8268,2,13
8269,1,14
8270,0,15
8271,1,14
8272,2,13
8273,2,13
8274,2,13
8275,1,14
8276,1,14
8277,1,14
8278,0,15
8279,1,14
8280,0,15
8281,1,14
8282,1,14
8283,1,14
8284,2,13
8285,2,13
8286,3,12
8287,4,11
8288,4,11
8289,5,10
8290,6,9
8291,5,10
8292,4,11
8293,5,10
8294,5,10
8295,5,10
8296,6,9
8297,7,8
8298,7,8
8299,7,8
8300,7,8
8301,8,7
8302,9,6
8303,8,7
8304,8,7
8305,7,8
8306,8,7
8307,8,7
8308,7,8
8309,7,8
8310,7,8
8311,7,8
8312,7,8
8313,8,7
8314,9,6
8315,9,6
8316,8,7
8317,8,7
8318,8,7
8319,8,7
8320,8,7
8321,9,6
8322,10,5
8323,10,5
8324,10,5
8325,11,4
8326,11,4
8327,11,4
8328,10,5
8329,9,6
8330,10,5
8331,10,5
8332,10,5
8333,11,4
8334,11,4
8335,11,4
8336,12,3
8337,11,4
8338,10,5
8339,11,4
8340,11,4
8341,11,4
8342,10,5
8343,9,6
8344,9,6
8345,10,5
8346,9,6
8347,9,6
8348,10,5
8349,10,5
8350,9,6
8351,9,6
8352,9,6
8353,8,7
8354,7,8
8355,8,7
8356,9,6
8357,10,5
8358,9,6
8359,9,6
8360,9,6
8361,9,6
8362,9,6
8363,10,5
8364,11,4
8365,11,4
8366,11,4
8367,10,5
8368,9,6
8369,9,6
8370,9,6
8371,9,6
8372,8,7
8373,9,6
8374,10,5
8375,9,6
8376,8,7
8377,9,6
8378,9,6
8379,8,7
8380,9,6
8381,9,6
8382,9,6
8383,9,6
8384,10,5
8385,10,5
8386,9,6
8387,9,6
8388,9,6
8389,10,5
8390,9,6
8391,8,7
8392,8,7
8393,9,6
8394,8,7
8395,7,8
8396,8,7
8397,7,8
8398,6,9
8399,7,8
8400,7,8
8401,6,9
8402,5,10
8403,6,9
8404,5,10
8405,4,11
8406,5,10
8407,6,9
8408,7,8
8409,6,9
8410,5,10
8411,5,10
8412,6,9
8413,6,9
8414,7,8
8415,7,8
8416,7,8
8417,6,9
8418,6,9
8419,5,10
8420,5,10
8421,4,11
8422,4,11
8423,4,11
8424,4,11
8425,4,11
8426,5,10
8427,4,11
8428,4,11
8429,3,12
8430,3,12
8431,2,13
8432,3,12
8433,4,11
8434,5,10
8435,6,9
8436,5,10
8437,5,10
8438,6,9
8439,6,9
8440,6,9
8441,7,8
8442,8,7
8443,7,8
8444,7,8
8445,7,8
8446,7,8
8447,7,8
8448,7,8
8449,8,7
8450,7,8
8451,7,8
8452,7,8
8453,8,7
8454,7,8
8455,7,8
8456,7,8
8457,7,8
8458,7,8
8459,6,9
8460,5,10
8461,4,11
8462,4,11
8463,3,12
8464,4,11
8465,5,10
8466,6,9
8467,7,8
8468,7,8
8469,7,8
8470,7,8
8471,7,8
8472,7,8
8473,7,8
8474,8,7
8475,7,8
8476,8,7
8477,9,6
8478,8,7
8479,9,6
8480,9,6
8481,10,5
8482,10,5
8483,10,5
8484,11,4
8485,11,4
8486,11,4
8487,11,4
8488,10,5
8489,11,4
8490,12,3
8491,12,3
8492,13,2
8493,13,2
8494,12,3
8495,12,3
8496,13,2
8497,13,2
8498,13,2
8499,13,2
8500,13,2
8501,13,2
8502,12,3
8503,13,2
8504,14,1
8505,14,1
8506,13,2
8507,13,2
8508,14,1
8509,15,0
8510,15,0
8511,15,0
8512,15,0
8513,15,0
8514,15,0
8515,14,1
8516,13,2
8517,14,1
8518,14,1
8519,15,0
8520,15,0
8521,15,0
8522,15,0
8523,15,0
8524,15,0
8525,14,1
8526,14,1
8527,13,2
8528,13,2
8529,13,2
8530,12,3
8531,12,3
8532,12,3
8533,12,3
8534,12,3
8535,12,3
8536,11,4
8537,12,3
8538,13,2
8539,13,2
8540,14,1
8541,14,1
8542,13,2
8543,12,3
8544,11,4
8545,12,3
8546,12,3
8547,12,3
8548,11,4
8549,12,3
8550,12,3
8551,11,4
8552,11,4
8553,12,3
8554,11,4
8555,12,3
8556,12,3
8557,12,3
8558,13,2
8559,14,1
8560,15,0
8561,15,0
8562,14,1
8563,15,0
8564,15,0
8565,15,0
8566,14,1
8567,14,1
8568,14,1
8569,13,2
8570,13,2
8571,13,2
8572,14,1
8573,14,1
8574,13,2
8575,12,3
8576,12,3
8577,12,3
8578,11,4
8579,11,4
8580,11,4
8581,10,5
8582,9,6
8583,10,5
8584,10,5
8585,9,6
8586,9,6
8587,8,7
8588,7,8
8589,7,8
8590,6,9
8591,5,10
8592,6,9
8593,6,9
8594,6,9
8595,6,9
8596,7,8
8597,7,8
8598,6,9
8599,7,8
8600,7,8
8601,8,7
8602,9,6
8603,8,7
8604,8,7
8605,8,7
8606,9,6
8607,9,6
8608,8,7
8609,7,8
8610,6,9
8611,6,9
8612,5,10
8613,4,11
8614,4,11
8615,4,11
8616,4,11
8617,3,12
8618,4,11
8619,4,11
8620,5,10
8621,4,11
8622,4,11
8623,4,11
8624,4,11
8625,4,11
8626,5,10
8627,5,10
8628,6,9
8629,6,9
8630,5,10
8631,6,9
8632,5,10
8633,4,11
8634,4,11
8635,4,11
8636,3,12
8637,3,12
8638,2,13
8639,2,13
8640,3,12
8641,3,12
8642,2,13
8643,2,13
8644,2,13
8645,1,14
8646,1,14
8647,2,13
8648,1,14
8649,1,14
8650,2,13
8651,1,14
8652,0,15
8653,0,15
8654,0,15
8655,0,15
8656,0,15
8657,0,15
8658,0,15
8659,1,14
8660,1,14
8661,2,13
8662,1,14
8663,0,15
8664,0,15
8665,0,15
8666,1,14
8667,0,15
8668,1,14
8669,0,15
8670,1,14
8671,1,14
8672,1,14
8673,2,13
8674,1,14
8675,1,14
8676,0,15
8677,1,14
8678,1,14
8679,1,14
8680,2,13
8681,2,13
8682,3,12
8683,3,12
8684,2,13
8685,3,12
8686,4,11
8687,5,10
8688,4,11
8689,5,10
8690,5,10
8691,5,10
8692,5,10
8693,6,9
8694,5,10
8695,5,10
8696,6,9
8697,6,9
8698,7,8
8699,7,8
8700,6,9
8701,5,10
8702,5,10
8703,6,9
8704,6,9
8705,6,9
8706,6,9
8707,6,9
8708,7,8
8709,7,8
8710,7,8
8711,6,9
8712,6,9
8713,5,10
8714,4,11
8715,4,11
8716,4,11
8717,3,12
8718,4,11
8719,3,12
8720,2,13
8721,1,14
8722,2,13
8723,3,12
8724,3,12
8725,2,13
8726,3,12
8727,3,12
8728,3,12
8729,3,12
8730,3,12
8731,3,12
8732,4,11
8733,3,12
8734,4,11
8735,4,11
8736,3,12
8737,3,12
8738,2,13
8739,1,14
8740,1,14
8741,1,14
8742,1,14
8743,2,13
8744,1,14
8745,1,14
8746,0,15
8747,1,14
8748,0,15
8749,1,14
8750,2,13
8751,2,13
8752,2,13
8753,2,13
8754,3,12
8755,4,11
8756,4,11
8757,4,11
8758,4,11
8759,4,11
8760,4,11
8761,5,10
8762,5,10
8763,5,10
8764,5,10
8765,4,11
8766,3,12
8767,4,11
8768,4,11
8769,3,12
8770,2,13
8771,1,14
8772,0,15
8773,1,14
8774,1,14
8775,0,15
8776,0,15
8777,0,15
8778,0,15
8779,0,15
8780,0,15
8781,0,15
8782,1,14
8783,1,14
8784,1,14
8785,0,15
8786,0,15
8787,1,14
8788,1,14
8789,1,14
8790,2,13
8791,2,13
8792,2,13
8793,2,13
8794,2,13
8795,2,13
8796,1,14
8797,1,14
8798,1,14
8799,1,14
8800,2,13
8801,3,12
8802,3,12
8803,2,13
8804,2,13
8805,3,12
8806,2,13
8807,2,13
8808,1,14
8809,0,15
8810,0,15
8811,1,14
8812,1,14
8813,2,13
8814,3,12
8815,4,11
8816,3,12
8817,4,11
8818,3,12
8819,3,12
8820,4,11
8821,3,12
8822,3,12
8823,4,11
8824,4,11
8825,5,10
8826,5,10
8827,6,9
8828,6,9
8829,6,9
8830,5,10
8831,5,10
8832,4,11
8833,4,11
8834,4,11
8835,4,11
8836,5,10
8837,4,11
8838,4,11
8839,4,11
8840,3,12
8841,3,12
8842,2,13
8843,2,13
8844,2,13
8845,2,13
8846,2,13
8847,2,13
8848,2,13
8849,1,14
8850,1,14
8851,1,14
8852,0,15
8853,0,15
8854,1,14
8855,1,14
8856,0,15
8857,0,15
8858,0,15
8859,1,14
8860,1,14
8861,0,15
8862,1,14
8863,2,13
8864,2,13
8865,1,14
8866,1,14
8867,1,14
8868,0,15
8869,0,15
8870,1,14
8871,1,14
8872,0,15
8873,0,15
8874,0,15
8875,1,14
8876,1,14
8877,1,14
8878,0,15
8879,0,15
8880,0,15
8881,0,15
8882,0,15
8883,0,15
8884,1,14
8885,1,14
8886,1,14
8887,2,13
8888,2,13
8889,1,14
8890,2,13
8891,3,12
8892,2,13
8893,2,13
8894,2,13
8895,2,13
8896,2,13
8897,3,12
8898,3,12
8899,2,13
8900,2,13
8901,1,14
8902,0,15
8903,0,15
8904,1,14
8905,1,14
8906,0,15
8907,1,14
8908,2,13
8909,2,13
8910,3,12
8911,3,12
8912,4,11
8913,3,12
8914,2,13
8915,3,12
8916,2,13
8917,2,13
8918,2,13
8919,3,12
8920,3,12
8921,3,12
8922,3,12
8923,3,12
8924,3,12
8925,4,11
8926,4,11
8927,3,12
8928,2,13
8929,3,12
8930,3,12
8931,4,11
8932,5,10
8933,5,10
8934,5,10
8935,6,9
8936,6,9
8937,6,9
8938,5,10
8939,5,10
8940,4,11
8941,4,11
8942,5,10
8943,5,10
8944,5,10
8945,6,9
8946,7,8
8947,7,8
8948,8,7
8949,8,7
8950,8,7
8951,8,7
8952,8,7
8953,8,7
8954,8,7
8955,7,8
8956,7,8
8957,8,7
8958,8,7
8959,8,7
8960,9,6
8961,9,6
8962,9,6
8963,8,7
8964,8,7
8965,8,7
8966,8,7
8967,7,8
8968,7,8
8969,6,9
8970,5,10
8971,4,11
8972,5,10
8973,5,10
8974,6,9
8975,7,8
8976,8,7
8977,7,8
8978,8,7
8979,9,6
8980,8,7
8981,8,7
8982,7,8
8983,8,7
8984,8,7
8985,8,7
8986,8,7
8987,7,8
8988,6,9
8989,5,10
8990,5,10
8991,5,10
8992,6,9
8993,6,9
8994,5,10
8995,5,10
8996,5,10
8997,5,10
8998,5,10
8999,5,10
9000,5,10
9001,4,11
9002,3,12
9003,3,12
9004,3,12
9005,3,12
9006,4,11
9007,3,12
9008,2,13
9009,1,14
9010,1,14
9011,0,15
9012,1,14
9013,1,14
9014,1,14
9015,0,15
9016,1,14
9017,0,15
9018,1,14
9019,1,14
9020,1,14
9021,1,14
9022,0,15
9023,1,14
9024,0,15
9025,1,14
9026,2,13
9027,3,12
9028,4,11
9029,4,11
9030,4,11
9031,4,11
9032,4,11
9033,4,11
9034,4,11
9035,4,11
9036,4,11
9037,5,10
9038,4,11
9039,3,12
9040,3,12
9041,3,12
9042,2,13
9043,2,13
9044,2,13
9045,2,13
9046,3,12
9047,3,12
9048,2,13
9049,1,14
9050,1,14
9051,2,13
9052,2,13
9053,1,14
9054,2,13
9055,2,13
9056,2,13
9057,1,14
9058,0,15
9059,0,15
9060,0,15
9061,1,14
9062,2,13
9063,2,13
9064,2,13
9065,3,12
9066,3,12
9067,3,12
9068,2,13
9069,3,12
9070,3,12
9071,3,12
9072,3,12
9073,4,11
9074,3,12
9075,3,12
9076,3,12
9077,3,12
9078,3,12
9079,3,12
9080,4,11
9081,4,11
9082,4,11
9083,5,10
9084,5,10
9085,5,10
9086,6,9
9087,5,10
9088,5,10
9089,6,9
9090,6,9
9091,7,8
9092,6,9
9093,6,9
9094,6,9
9095,7,8
9096,7,8
9097,7,8
9098,7,8
9099,8,7
9100,9,6
9101,9,6
9102,8,7
9103,7,8
9104,7,8
9105,7,8
9106,7,8
9107,7,8
9108,7,8
9109,8,7
9110,7,8
9111,8,7
9112,8,7
9113,8,7
9114,8,7
9115,7,8
9116,8,7
9117,7,8
9118,8,7
9119,7,8
9120,6,9
9121,6,9
9122,6,9
9123,6,9
9124,6,9
9125,6,9
9126,6,9
9127,7,8
9128,6,9
9129,5,10
9130,5,10
9131,5,10
9132,5,10
9133,4,11
9134,4,11
9135,3,12
9136,3,12
9137,3,12
9138,4,11
9139,4,11
9140,5,10
9141,6,9
9142,5,10
9143,5,10
9144,5,10
9145,5,10
9146,6,9
9147,6,9
9148,6,9
9149,5,10
9150,4,11
9151,4,11
9152,5,10
9153,4,11
9154,4,11
9155,5,10
9156,5,10
9157,6,9
9158,6,9
9159,7,8
9160,7,8
9161,8,7
9162,8,7
9163,8,7
9164,8,7
9165,9,6
9166,8,7
9167,8,7
9168,9,6
9169,10,5
9170,11,4
9171,10,5
9172,9,6
9173,9,6
9174,9,6
9175,9,6
9176,9,6
9177,8,7
9178,8,7
9179,9,6
9180,9,6
9181,9,6
9182,9,6
9183,8,7
9184,8,7
9185,8,7
9186,8,7
9187,8,7
9188,9,6
9189,8,7
9190,8,7
9191,7,8
9192,7,8
9193,6,9
9194,7,8
9195,8,7
9196,8,7
9197,9,6
9198,8,7
9199,8,7
9200,8,7
9201,9,6
9202,10,5
9203,10,5
9204,10,5
9205,10,5
9206,9,6
9207,9,6
9208,10,5
9209,10,5
9210,9,6
9211,9,6
9212,8,7
9213,9,6
9214,9,6
9215,8,7
9216,8,7
9217,8,7
9218,8,7
9219,8,7
9220,9,6
9221,10,5
9222,10,5
9223,9,6
9224,9,6
9225,9,6
9226,9,6
9227,9,6
9228,9,6
9229,9,6
9230,9,6
9231,8,7
9232,8,7
9233,7,8
9234,7,8
9235,6,9
9236,6,9
9237,6,9
9238,6,9
9239,5,10
9240,5,10
9241,6,9
9242,5,10
9243,5,10
9244,5,10
9245,4,11
9246,5,10
9247,5,10
9248,5,10
9249,5,10
9250,5,10
9251,5,10
9252,5,10
9253,5,10
9254,6,9
9255,7,8
9256,7,8
9257,8,7
9258,9,6
9259,9,6
9260,8,7
9261,7,8
9262,7,8
9263,7,8
9264,8,7
9265,7,8
9266,8,7
9267,7,8
9268,7,8
9269,6,9
9270,6,9
9271,7,8
9272,7,8
9273,8,7
9274,9,6
9275,9,6
9276,10,5
9277,10,5
9278,11,4
9279,10,5
9280,11,4
9281,10,5
9282,9,6
9283,9,6
9284,8,7
9285,7,8
9286,7,8
9287,8,7
9288,9,6
9289,8,7
9290,9,6
9291,10,5
9292,11,4
9293,12,3
9294,11,4
9295,10,5
9296,10,5
9297,10,5
9298,10,5
9299,9,6
9300,8,7
9301,9,6
9302,9,6
9303,9,6
9304,10,5
9305,10,5
9306,11,4
9307,11,4
9308,12,3
9309,11,4
9310,11,4
9311,11,4
9312,10,5
9313,9,6
9314,10,5
9315,10,5
9316,11,4
9317,11,4
9318,12,3
9319,12,3
9320,12,3
9321,12,3
9322,11,4
9323,10,5
9324,9,6
9325,10,5
9326,9,6
9327,9,6
9328,9,6
9329,9,6
9330,8,7
9331,7,8
9332,7,8
9333,8,7
9334,8,7
9335,9,6
9336,9,6
9337,9,6
9338,8,7
9339,9,6
9340,9,6
9341,9,6
9342,9,6
9343,8,7
9344,8,7
9345,8,7
9346,8,7
9347,8,7
9348,8,7
9349,8,7
9350,7,8
9351,6,9
9352,5,10
9353,5,10
9354,4,11
9355,4,11
9356,4,11
9357,3,12
9358,2,13
9359,2,13
9360,3,12
9361,3,12
9362,2,13
9363,3,12
9364,2,13
9365,1,14
9366,1,14
9367,2,13
9368,1,14
9369,0,15
9370,0,15
9371,0,15
9372,0,15
9373,1,14
9374,1,14
9375,0,15
9376,1,14
9377,2,13
9378,1,14
9379,2,13
9380,2,13
9381,2,13
9382,2,13
9383,2,13
9384,2,13
9385,1,14
9386,1,14
9387,2,13
9388,3,12
9389,3,12
9390,3,12
9391,4,11
9392,4,11
9393,4,11
9394,3,12
9395,2,13
9396,2,13
9397,1,14
9398,2,13
9399,2,13
9400,2,13
9401,3,12
9402,4,11
9403,4,11
9404,3,12
9405,3,12
9406,2,13
9407,3,12
9408,4,11
9409,3,12
9410,4,11
9411,4,11
9412,4,11
9413,4,11
9414,4,11
9415,4,11
9416,3,12
9417,3,12
9418,2,13
9419,2,13
9420,3,12
9421,3,12
9422,2,13
9423,1,14
9424,2,13
9425,1,14
9426,2,13
9427,1,14
9428,1,14
9429,0,15
9430,1,14
9431,1,14
9432,0,15
9433,0,15
9434,1,14
9435,2,13
9436,2,13
9437,1,14
9438,2,13
9439,1,14
9440,2,13
9441,2,13
9442,2,13
9443,2,13
9444,2,13
9445,2,13
9446,1,14
9447,1,14
9448,1,14
9449,1,14
9450,0,15
9451,1,14
9452,1,14
9453,0,15
9454,1,14
9455,1,14
9456,1,14
9457,2,13
9458,3,12
9459,4,11
9460,5,10
9461,5,10
9462,5,10
9463,6,9
9464,5,10
9465,5,10
9466,5,10
9467,5,10
9468,4,11
9469,5,10
9470,4,11
9471,4,11
9472,4,11
9473,3,12
9474,2,13
9475,2,13
9476,2,13
9477,3,12
9478,3,12
9479,2,13
9480,3,12
9481,3,12
9482,3,12
9483,4,11
9484,4,11
9485,3,12
9486,3,12
9487,3,12
9488,3,12
9489,4,11
9490,5,10
9491,5,10
9492,5,10
9493,6,9
9494,7,8
9495,7,8
9496,8,7
9497,8,7
9498,8,7
9499,8,7
9500,8,7
9501,8,7
9502,9,6
9503,9,6
9504,10,5
9505,10,5
9506,10,5
9507,11,4
9508,10,5
9509,10,5
9510,10,5
9511,9,6
9512,8,7
9513,7,8
9514,6,9
9515,5,10
9516,4,11
9517,5,10
9518,5,10
9519,6,9
9520,7,8
9521,7,8
9522,6,9
9523,6,9
9524,5,10
9525,5,10
9526,6,9
9527,7,8
9528,7,8
9529,7,8
9530,8,7
9531,7,8
9532,6,9
9533,6,9
9534,7,8
9535,6,9
9536,7,8
9537,7,8
9538,7,8
9539,6,9
9540,6,9
9541,5,10
9542,5,10
9543,5,10
9544,5,10
9545,5,10
9546,5,10
9547,6,9
9548,7,8
9549,8,7
9550,7,8
9551,6,9
9552,6,9
9553,7,8
9554,6,9
9555,6,9
9556,6,9
9557,7,8
9558,8,7
9559,8,7
9560,7,8
9561,7,8
9562,7,8
9563,7,8
9564,8,7
9565,8,7
9566,9,6
9567,9,6
9568,9,6
9569,8,7
9570,9,6
9571,10,5
9572,10,5
9573,9,6
9574,8,7
9575,8,7
9576,7,8
9577,6,9
9578,7,8
9579,7,8
9580,7,8
9581,7,8
9582,7,8
9583,7,8
9584,7,8
9585,6,9
9586,7,8
9587,7,8
9588,7,8
9589,8,7
9590,8,7
9591,8,7
9592,7,8
9593,7,8
9594,6,9
9595,5,10
9596,6,9
9597,6,9
9598,6,9
9599,6,9
9600,6,9
9601,5,10
9602,4,11
9603,4,11
9604,4,11
9605,5,10
9606,6,9
9607,6,9
9608,5,10
9609,6,9
9610,6,9
9611,5,10
9612,5,10
9613,6,9
9614,6,9
9615,6,9
9616,6,9
9617,5,10
9618,4,11
9619,3,12
9620,3,12
9621,3,12
9622,4,11
9623,5,10
9624,5,10
9625,5,10
9626,4,11
9627,4,11
9628,3,12
9629,3,12
9630,3,12
9631,3,12
9632,4,11
9633,4,11
9634,3,12
9635,3,12
9636,4,11
9637,5,10
9638,4,11
9639,5,10
9640,5,10
9641,5,10
9642,5,10
9643,6,9
9644,6,9
9645,6,9
9646,6,9
9647,5,10
9648,5,10
9649,5,10
9650,4,11
9651,4,11
9652,3,12
9653,3,12
9654,3,12
9655,3,12
9656,3,12
9657,2,13
9658,1,14
9659,0,15
9660,1,14
9661,1,14
9662,1,14
9663,1,14
9664,0,15
9665,0,15
9666,1,14
9667,2,13
9668,2,13
9669,1,14
9670,1,14
9671,1,14
9672,2,13
9673,2,13
9674,1,14
9675,1,14
9676,0,15
9677,0,15
9678,1,14
9679,1,14
9680,2,13
9681,1,14
9682,2,13
9683,2,13
9684,2,13
9685,2,13
9686,2,13
9687,1,14
9688,0,15
9689,1,14
9690,2,13
9691,2,13
9692,2,13
9693,2,13
9694,1,14
9695,2,13
9696,2,13
9697,2,13
9698,1,14
9699,1,14
9700,1,14
9701,1,14
9702,2,13
9703,3,12
9704,4,11
9705,5,10
9706,5,10
9707,4,11
9708,4,11
9709,4,11
9710,5,10
9711,5,10
9712,4,11
9713,3,12
9714,4,11
9715,4,11
9716,4,11
9717,4,11
9718,3,12
9719,3,12
9720,3,12
9721,2,13
9722,2,13
9723,2,13
9724,2,13
9725,3,12
9726,2,13
9727,2,13
9728,1,14
9729,2,13
9730,1,14
9731,2,13
9732,2,13
9733,2,13
9734,3,12
9735,3,12
9736,3,12
9737,3,12
9738,3,12
9739,2,13
9740,2,13
9741,1,14
9742,1,14
9743,1,14
9744,0,15
9745,1,14
9746,1,14
9747,1,14
9748,2,13
9749,2,13
9750,1,14
9751,1,14
9752,1,14
9753,0,15
9754,0,15
9755,1,14
9756,0,15
9757,0,15
9758,0,15
9759,0,15
9760,0,15
9761,1,14
9762,1,14
9763,1,14
9764,2,13
9765,2,13
9766,1,14
9767,0,15
9768,0,15
9769,0,15
9770,0,15
9771,1,14
9772,0,15
9773,0,15
9774,1,14
9775,1,14
9776,1,14
9777,2,13
9778,2,13
9779,3,12
9780,2,13
9781,1,14
9782,2,13
9783,3,12
9784,2,13
9785,2,13
9786,2,13
9787,2,13
9788,1,14
9789,1,14
9790,1,14
9791,1,14
9792,1,14
9793,1,14
9794,1,14
9795,1,14
9796,1,14
9797,0,15
9798,0,15
9799,0,15
9800,1,14
9801,0,15
9802,0,15
9803,1,14
9804,0,15
9805,1,14
9806,1,14
9807,0,15
9808,0,15
9809,1,14
9810,2,13
9811,2,13
9812,2,13
9813,2,13
9814,3,12
9815,3,12
9816,3,12
9817,3,12
9818,2,13
9819,3,12
9820,3,12
9821,4,11
9822,5,10
9823,5,10
9824,6,9
9825,7,8
9826,7,8
9827,8,7
9828,7,8
9829,8,7
9830,8,7
9831,9,6
9832,9,6
9833,8,7
9834,7,8
9835,7,8
9836,7,8
9837,7,8
9838,8,7
9839,7,8
9840,6,9
9841,7,8
9842,7,8
9843,7,8
9844,7,8
9845,7,8
9846,8,7
9847,8,7
9848,9,6
9849,9,6
9850,8,7
9851,8,7
9852,9,6
9853,10,5
9854,9,6
9855,9,6
9856,9,6
9857,9,6
9858,9,6
9859,10,5
9860,10,5
9861,10,5
9862,9,6
9863,9,6
9864,8,7
9865,9,6
9866,8,7
9867,9,6
9868,9,6
9869,8,7
9870,8,7
9871,7,8
9872,6,9
9873,6,9
9874,6,9
9875,6,9
9876,6,9
9877,6,9
9878,5,10
9879,5,10
9880,4,11
9881,4,11
9882,3,12
9883,3,12
9884,4,11
9885,4,11
9886,4,11
9887,3,12
9888,4,11
9889,3,12
9890,4,11
9891,4,11
9892,3,12
9893,4,11
9894,4,11
9895,3,12
9896,3,12
9897,4,11
9898,4,11
9899,4,11
9900,4,11
9901,4,11
9902,5,10
9903,5,10
9904,5,10
9905,4,11
9906,3,12
9907,4,11
9908,5,10
9909,5,10
9910,4,11
9911,4,11
9912,3,12
9913,2,13
9914,3,12
9915,2,13
9916,3,12
9917,3,12
9918,4,11
9919,3,12
9920,2,13
9921,1,14
9922,0,15
9923,0,15
9924,0,15
9925,1,14
9926,1,14
9927,1,14
9928,2,13
9929,3,12
9930,2,13
9931,3,12
9932,2,13
9933,2,13
9934,2,13
9935,3,12
9936,4,11
9937,3,12
9938,2,13
9939,2,13
9940,1,14
9941,0,15
9942,1,14
9943,2,13
9944,2,13
9945,3,12
9946,3,12
9947,4,11
9948,4,11
9949,5,10
9950,5,10
9951,4,11
9952,4,11
9953,5,10
9954,5,10
9955,5,10
9956,6,9
9957,6,9
9958,7,8
9959,7,8
9960,6,9
9961,7,8
9962,7,8
9963,8,7
9964,7,8
9965,7,8
9966,8,7
9967,8,7
9968,8,7
9969,8,7
9970,9,6
9971,9,6
9972,9,6
9973,9,6
9974,8,7
9975,7,8
9976,6,9
9977,7,8
9978,8,7
9979,8,7
9980,8,7
9981,9,6
9982,9,6
9983,8,7
9984,9,6
9985,8,7
9986,8,7
9987,8,7
9988,8,7
9989,9,6
9990,10,5
9991,10,5
9992,11,4
9993,12,3
9994,11,4
9995,12,3
9996,12,3
9997,13,2
9998,13,2
9999,14,1
